ูุดุชุฑฺฉ,0.026004728132387706
ฺฏุฑุงู,0.07092198581560284
ุณูุงู,0.10401891252955082
.,0.0425531914893617
ุจุงูฺฉ,0.04728132387706856
ูุณฺฉู,0.01182033096926714
ุจุงุจุง,0.016548463356973995
ุดูุงู,0.0070921985815602835
ูุฏุฑุณู,0.014184397163120567
ุฑูุชู,0.002364066193853428
ุ,0.004728132387706856
ูููุทู,0.0070921985815602835
ุนุฒุฒุ,0.009456264775413711
ุชูุฌู,0.028368794326241134
ูพุงูฺฉ,0.018912529550827423
ูุจู,0.014184397163120567
ูุชุดฺฉุฑู.,0.002364066193853428
ุดูุน,0.004728132387706856
ฺฉุฑููุง,0.02364066193853428
ุ,0.018912529550827423
ุงุนูุงู,0.004728132387706856
ูุญุฏูุฏุชโูุง,0.002364066193853428
ุขุฐุฑ,0.030732860520094562
ุงุฌุฑุง,0.002364066193853428
ุดุฏ.,0.07328605200945626
,1.673758865248227
ูุฑุงูุจุช,0.002364066193853428
ูโุฏูู,0.002364066193853428
ุชุฑุฏุฏูุง,0.002364066193853428
ุชุฌูุนโูุง,0.002364066193853428
ุบุฑุถุฑูุฑ,0.002364066193853428
ูพุฑูุฒ,0.004728132387706856
ฺฉูุฏ.,0.037825059101654845
ฺฉุฑููุงุ,0.009456264775413711
ุชุนุงุฑู,0.004728132387706856
ูุฏุงุฑุฏ.,0.004728132387706856
ููุงุธุจ,0.002364066193853428
ุฎุงููุงุฏู,0.0070921985815602835
ูุญุชุฑูุชุงู,0.002364066193853428
ุจุงุดุฏ.,0.0070921985815602835
ุงุฑุงุฏุชููุฏุ,0.004728132387706856
ููฺฉุ,0.004728132387706856
ูุฒุฑ,0.004728132387706856
ุจูุฏุงุดุช.,0.004728132387706856
ูุฒุงุฑุช,0.014184397163120567
ุนููู,0.004728132387706856
ฺฉุฏ,0.09219858156028368
ูุฌูุฒ,0.004728132387706856
ุงุณุชุนูุงู,0.002364066193853428
ูุฏุฑฺฉ,0.002364066193853428
ุชุญุตู,0.004728132387706856
gryzpurkjz,0.002364066193853428
ุดุงูุณ,0.004728132387706856
20,0.02364066193853428
ุฏุฑุตุฏ,0.016548463356973995
ุชุฎูู,0.06619385342789598
ูุฌููุนู,0.004728132387706856
ุฏุณุช,0.02127659574468085
ูุฏู.,0.002364066193853428
ููุชู,0.028368794326241134
ูุญุตููุงุช,0.0070921985815602835
ูุจุณุงุชูุงู,0.004728132387706856
ฺฺฉ,0.0070921985815602835
www.sitename.com.,0.0070921985815602835
ูฺฉุชุจโุฎููู,0.0070921985815602835
ุงููุฏ.,0.002364066193853428
ุจุฒุฑฺฏุชุฑู,0.002364066193853428
ุฑุณุงูู,0.002364066193853428
ุขููุฒุด,0.01182033096926714
ูุฌุงุฒ,0.002364066193853428
ุงุฑุงูู,0.002364066193853428
ฺฉูุชโุชุฑู,0.002364066193853428
ุฏูุฑูโูุง,0.002364066193853428
ููฺฉุงุฑ,0.002364066193853428
ุงุณุงุชุฏ,0.002364066193853428
ุจุฑุชุฑ,0.009456264775413711
ุจุฑุฌุณุชูโุชุฑู,0.002364066193853428
ุฏุงูุดฺฏุงูโูุง,0.002364066193853428
ููุณุณุงุช,0.002364066193853428
ุงุฑุงุฆู,0.026004728132387706
ูฺฉูู.,0.002364066193853428
ูุฑูุฏ:,0.002364066193853428
mktb.me/imwd,0.002364066193853428
ฺฉุงุฑุจุฑ,0.02127659574468085
ูุฏู,0.02127659574468085
ุดูุงุ,0.009456264775413711
ฒฐฐ,0.002364066193853428
ุชููุงู,0.026004728132387706
ุณูุฑูุง,0.002364066193853428
ุจุนุฏ.,0.002364066193853428
ุฏุฑุงูุช,0.05673758865248227
ุชุฎููุ,0.002364066193853428
ฺฏุฑุฏููู,0.002364066193853428
ููฺฉ,0.061465721040189124
ุจฺุฑุฎุงูุฏ,0.002364066193853428
ูุฑุนู,0.026004728132387706
ฺฉุด,0.028368794326241134
ุขููู,0.026004728132387706
ฑฒ,0.0070921985815602835
ุดุฑฺฉุช,0.054373522458628844
ฺฉูุฏ:,0.02364066193853428
https://url.alib.ba/KiNChj,0.002364066193853428
ูุนุงู,0.037825059101654845
ฺฉู,0.02364066193853428
ูพูู,0.018912529550827423
ุงุนุชุจุงุฑ,0.009456264775413711
ุฎุฑุฏ,0.07565011820330969
ุงูุณุงุท,0.0070921985815602835
ฒฐ,0.014184397163120567
ุชููุงูุ,0.0070921985815602835
ุงูุฏุงู,0.0425531914893617
https://dgpy.ir/dcp,0.0070921985815602835
ุณุฑูุงูโฺฏุฐุงุฑ,0.004728132387706856
ูพุฑุณูุฏุชุฑู,0.004728132387706856
ุฑุณฺฉ,0.004728132387706856
ฺฉุดูุฑ!,0.004728132387706856
ุฑุชุจู,0.004728132387706856
ุจุงุฒุฏู,0.004728132387706856
ุดูุฑูุฑ,0.009456264775413711
ููุงุฏ,0.004728132387706856
ETF,0.004728132387706856
"""ฺฉุงูุงุจ""",0.004728132387706856
ุณุงูุงูู,0.03546099290780142
ุขููุงู,0.02127659574468085
ฺฉุงุฑฺฏุฒุงุฑูุง:,0.004728132387706856
http://yelloadwise.ir/rtO2d2v,0.004728132387706856
30,0.01182033096926714
ฺฉูุด,0.002364066193853428
ูุฑุฒุด,0.002364066193853428
ุบุฑู.,0.002364066193853428
ุณูุงุฑุด,0.004728132387706856
ููุช,0.026004728132387706
ุงุฏุงุฑ,0.004728132387706856
ฺูุงุฑุดูุจู,0.0070921985815602835
ฺฉู,0.002364066193853428
ูุฑุณู,0.002364066193853428
ูุงุดู,0.0070921985815602835
ูุณ๐,0.002364066193853428
๏ปฟุจูุชุฑู,0.002364066193853428
ุงููุดู,0.004728132387706856
ุณููุง2021,0.002364066193853428
ุฏูุจูู,0.002364066193853428
ูุงุฑุณ,0.004728132387706856
ุงูุชุฑูุช,0.07092198581560284
ุงุฑุงูุณู,0.01182033096926714
ุงุดุชุฑุงฺฉ,0.02127659574468085
ุจุฒู,0.004728132387706856
ุฏุฌุชูู:,0.002364066193853428
https://trc.metrix.ir/xq0sd0/,0.002364066193853428
ุณุงุนุช,0.06619385342789598
10,0.014184397163120567
๏ปฟ2ุฑูุฒ,0.002364066193853428
ูพฺู206,0.0070921985815602835
ูุฑ1000ุชููุงู1ุดุงูุณ,0.002364066193853428
ุดุงุฑฺูุจุณุชู,0.0070921985815602835
ุงุฒ#1*,0.004728132387706856
ุจุฎุฑ,0.009456264775413711
ุฏฺฉุชุฑุ,0.004728132387706856
ูุญูุฏุฒุงุฏู,0.004728132387706856
ูุณุชูุ,0.004728132387706856
ุฏุฑุฎุตูุต,0.009456264775413711
ูพุฑูฺู,0.004728132387706856
ฺฉุช,0.004728132387706856
ุชุดุฎุต,0.004728132387706856
ุจูุฏู,0.004728132387706856
ุฑุณุฏู,0.004728132387706856
ุชูุฑุงู.,0.004728132387706856
ุดุงุกุงููู,0.004728132387706856
10:30ุงู,0.004728132387706856
11,0.004728132387706856
ุฎุฏูุช,0.018912529550827423
ูุฑุณู.,0.009456264775413711
ุชุบุฑ,0.0070921985815602835
ูุทู,0.009456264775413711
ุจูุฑูุงุฆุฏ.ููููู,0.004728132387706856
ูุดู.,0.004728132387706856
ุฌูุงุจ,0.014184397163120567
ุฏฺฉุชุฑ,0.014184397163120567
ุฒุงุฑุน,0.004728132387706856
ุจุงุฒุงุฑุงุจ,0.009456264775413711
ุฏุฌุชุงู,0.02127659574468085
ุจุฏุงูุฏ!,0.004728132387706856
ุขฺฉุงุฏู,0.009456264775413711
ุฏููู,0.004728132387706856
ุจูุชโฺฉููพ,0.004728132387706856
ุญุถูุฑ,0.009456264775413711
ุจุฑฺฏุฒุงุฑ,0.0070921985815602835
ฺฉูุฏ.,0.009456264775413711
ุชูุธู,0.0070921985815602835
ูุฑุงุฑุฏุงุฏ,0.009456264775413711
ุชูุงูุง,0.004728132387706856
ุชุนูุฏุงุช,0.004728132387706856
ุงุทููุงู,0.0070921985815602835
ุจุงุดุฏุ,0.004728132387706856
ุงูุตูุฑุช,0.004728132387706856
ูพุฑุฏุงุฎุช,0.04018912529550828
ุฎุณุงุฑุช,0.004728132387706856
ูุญฺฉูู,0.016548463356973995
ูโุดูุฏ.,0.004728132387706856
ูุนุงููุช,0.03546099290780142
ุงุฌุชูุงุน,0.028368794326241134
ูพุดฺฏุฑ,0.026004728132387706
ูููุน,0.026004728132387706
ุฌุฑู,0.028368794326241134
ููู,0.02364066193853428
ูุถุงู,0.02364066193853428
ุฏุฌโฺฉุงูุง,0.0070921985815602835
ุชุงุฏ:,0.004728132387706856
44582,0.002364066193853428
ูพุฑูุฑุฏฺฏุงุฑุงุ,0.002364066193853428
ููุจูุงุฑ,0.002364066193853428
ูุฑุฏูุงู,0.002364066193853428
ุณุฑุฒูู,0.002364066193853428
ูพุฑุขูุงุฒู,0.002364066193853428
ุณูุงูุช,0.028368794326241134
ุฏุงุฑ.,0.002364066193853428
ููุฑูุฒ,0.004728132387706856
ูุจุงุฑฺฉุ,0.002364066193853428
ุณูุงูุช.,0.002364066193853428
ุญุณู,0.004728132387706856
ุฑูุญุงู,0.004728132387706856
ุฑุฆุณ,0.004728132387706856
ุฌูููุฑ,0.004728132387706856
ุญูุฏู,0.002364066193853428
ููุงู,0.002364066193853428
ุณุฑูู,0.002364066193853428
ููุงู,0.002364066193853428
ุณุฑุฏู,0.002364066193853428
ูุชุฑุณู,0.002364066193853428
ุจุฏุชุฑ,0.002364066193853428
ููุงููฺฏ,0.009456264775413711
ูุงุฒู,0.01182033096926714
ูุฑูุฏ,0.02364066193853428
ุฏุฑุฎุฏูุช,0.004728132387706856
ูุณุชู.,0.0070921985815602835
ูุงูุงุฑ,0.002364066193853428
12,0.009456264775413711
ูุฐุช,0.014184397163120567
ุจุจุฑุฏ.,0.002364066193853428
ฺฉุงุฑุช,0.02364066193853428
ุฏุงูุด,0.028368794326241134
ุขููุฒ,0.004728132387706856
15,0.009456264775413711
ุจูุฑู,0.009456264775413711
ุจุจุฑุฏ,0.004728132387706856
ุดูุงุจู,0.002364066193853428
ุฏุนูุช,0.014184397163120567
ูุจูุงุฑ,0.002364066193853428
ูพุฑููุฑููุณ,0.002364066193853428
ูุงุฑฺฉุชูฺฏ,0.002364066193853428
ุงููุงู,0.002364066193853428
ุงุญูุฏ,0.002364066193853428
ูุฏุฑ,0.002364066193853428
ุชู,0.0070921985815602835
ฺฉููพู,0.002364066193853428
ุชูพุณู,0.002364066193853428
ุฏูุดูุจู,0.01182033096926714
ููุฑ,0.009456264775413711
19,0.002364066193853428
ฺฉู.,0.002364066193853428
ุซุจุช,0.0591016548463357
ุฑุงฺฏุงู:,0.004728132387706856
https://eseminar.tv/wb37308,0.002364066193853428
ุขุชู,0.002364066193853428
ุชุงุจุณุชุงู,0.002364066193853428
ุจฺฏุฑุฏ.,0.0070921985815602835
ุฑูุฒ.,0.002364066193853428
ูุฑูุดฺฏุงู,0.009456264775413711
ุชุดฺฉุฑ,0.018912529550827423
ูฺฉุณ,0.004728132387706856
ุงุฑุณุงู,0.05673758865248227
ฺฉููุฏฺฏุงู,0.004728132387706856
ูุญุชุฑู,0.014184397163120567
ุฏูุฑู,0.04018912529550828
ุฑุจุงุชฺฉ,0.004728132387706856
ุนุถูุช,0.0070921985815602835
ฺฏุฑูู,0.004728132387706856
ุชูฺฏุฑุงู,0.004728132387706856
ุงูู,0.01182033096926714
ูุทุงุฑ,0.014184397163120567
ูููู!,0.002364066193853428
ูุฑูุด,0.026004728132387706
ุจูุท,0.0070921985815602835
ฑ,0.004728132387706856
ณฐ,0.0070921985815602835
ูุณุฑ,0.002364066193853428
ุชูุฑุงู,0.02364066193853428
ูุดูุฏุ,0.004728132387706856
ุทุจุณุ,0.004728132387706856
ุฎูุงู,0.004728132387706856
ท,0.01182033096926714
ูุณุฑูุง,0.002364066193853428
ฑด,0.002364066193853428
ุณุงุช,0.026004728132387706
ุงูพูฺฉุดู,0.04728132387706856
ูุณุชุฑุจูุท,0.002364066193853428
l.mrbilit.com/EiDEur,0.002364066193853428
๏ปฟูชณต,0.002364066193853428
ฺฉุชุงุจโูุง,0.004728132387706856
ุฏุฑุณ,0.002364066193853428
ุฏุงูุดฺฏุงู,0.002364066193853428
ูุฏุจู,0.01182033096926714
all35,0.002364066193853428
fidibo.com/vitrin,0.002364066193853428
ูุบู0,0.0070921985815602835
"""ุณูู",0.004728132387706856
ูุงุฑุช,0.018912529550827423
ุขููุฒู,0.004728132387706856
"ุงูุงุฑุณุชุงู""",0.004728132387706856
ุชุญุตููู,0.009456264775413711
ุณูู,0.014184397163120567
ุงูุงุฑุณุชุงูู,0.004728132387706856
ููุฑุงู,0.07328605200945626
ููุงูููุ,0.004728132387706856
ุงููุชุฑูุชุ,0.004728132387706856
ุขููุฒุดุ,0.0070921985815602835
ุจุงุฒู,0.004728132387706856
ุณุฑฺฏุฑูู,0.004728132387706856
ุชุฎููู,0.004728132387706856
ุงูุนุงุฏู,0.004728132387706856
ุฏุฑูุงูุช,0.014184397163120567
ุฑุงูฺฏุงู,0.0070921985815602835
ุงุฒ:,0.009456264775413711
https://www.mci.ir/-MCI46SHP,0.004728132387706856
ุนุฏุฏ,0.0070921985815602835
ฒฒฐ,0.004728132387706856
ณฐฐฐถธถฐ,0.004728132387706856
ุฏุจุณุชุงู,0.004728132387706856
ุฏุจูุฑุณุชุงู,0.004728132387706856
ุงูุงุฑุณุชุงู,0.004728132387706856
ุงุณุชุนุฏุงุฏ+ุฒุจุงู,0.004728132387706856
ุฏฺฉุชุฑ,0.004728132387706856
ุจุงูุธุงุฑุช,0.004728132387706856
ุฏฺฉุชุฑุนุฑูุงูุงู,0.004728132387706856
ูุดุงูุฑู=ุงุฑุณุงู6,0.004728132387706856
ูุบู1,0.009456264775413711
ุจุฑุงุฏุฑุ,0.004728132387706856
ูพุงุฏู,0.004728132387706856
ุงุฑุจุนู,0.004728132387706856
ูุณุชุ,0.004728132387706856
ุจฺู,0.004728132387706856
ูุฆุช,0.004728132387706856
ุดุฏู.,0.004728132387706856
ูุงุฑุฒ,0.014184397163120567
ุดุฏ....ุจุง,0.0070921985815602835
ุงุตู,0.009456264775413711
ุชูุงุฒ,0.0070921985815602835
ุฌุฏุฏุชุฑู,0.014184397163120567
ุดูุงุฑู,0.09692671394799054
ุงุฑุงูุณู!,0.01182033096926714
ุณู,0.009456264775413711
ุฏุงุฆู,0.0070921985815602835
ยซฐนฐฐยปโ,0.0070921985815602835
ูุฏุงุง,0.0070921985815602835
ุฎุงุต,0.0070921985815602835
ุฑุงฺฏุงู!,0.0070921985815602835
๏ปฟููุทฒุฑูุฒ,0.002364066193853428
ูุจูุฑุงู,0.002364066193853428
ูุจู,0.0070921985815602835
ููุณุชุฑูุฑุด,0.002364066193853428
ุฏุฑูุจู,0.004728132387706856
ุณุชุงุฑู,0.004728132387706856
ุดุฑู,0.004728132387706856
ุดุฑูุงู,0.004728132387706856
ุณููุงูดต,0.002364066193853428
๏ปฟุจูุงุฑ,0.002364066193853428
ุฒูฺฏ,0.002364066193853428
ููู,0.002364066193853428
ูุงูุงูู,0.02127659574468085
ุฌุงุฒู,0.03546099290780142
50,0.009456264775413711
ููููย,0.0070921985815602835
ุชููุงู,0.01182033096926714
ุงูฺฉุงู,0.009456264775413711
ุงุณุช:,0.0070921985815602835
1-,0.009456264775413711
ฺฉุฏย,0.0070921985815602835
*10*35#,0.0070921985815602835
ุงูุชุฑูุชุ,0.009456264775413711
ูฺฉุงููู,0.016548463356973995
ุชุฑฺฉุจ,0.0070921985815602835
2-,0.009456264775413711
ุณูฺฉุงุฑุช,0.0070921985815602835
ุจุฑูุฏฺฏุงู,0.0070921985815602835
ณ,0.009456264775413711
ฑฐ,0.009456264775413711
ูููู,0.0070921985815602835
ุงุนุชุจุงุฑ,0.02127659574468085
ุณูุฑ,0.02127659574468085
ูุชุนูู,0.004728132387706856
ุดูุงุณุชุ,0.004728132387706856
ูุตุจ,0.026004728132387706
ูุงฺฏู,0.004728132387706856
ุจุงุดุฏ!,0.004728132387706856
ุดุงูุณุชุงู,0.004728132387706856
ุดูุฏ.,0.0070921985815602835
https://url.alib.ba/xiGX41,0.004728132387706856
ว,0.014184397163120567
ศ,0.004728132387706856
?,0.002364066193853428
ุงูุจุงฺฉุณ,0.002364066193853428
ุดุงู,0.004728132387706856
ุจุฎุฑ,0.004728132387706856
ุฏุณุฑ,0.002364066193853428
ุฑุงฺฏุงู,0.037825059101654845
ฺฉู.,0.0070921985815602835
"""ูุงู",0.0070921985815602835
"ุฑุณุชูุฑุงู"".",0.004728132387706856
ุฑุฒุฑู,0.009456264775413711
www.sitename.com,0.002364066193853428
ุงุญุณุงู,0.009456264775413711
ูุงุชุณุงูพ,0.002364066193853428
.ุจุนุฏ,0.002364066193853428
ฺฉุงุดุช,0.002364066193853428
ูู,0.002364066193853428
ุถูุงูุช,0.002364066193853428
ุจูู,0.0070921985815602835
ุชุฑุงฺฉู,0.002364066193853428
ูุดุงูุฑู,0.009456264775413711
02122223030,0.004728132387706856
ูุดุชุฑ,0.009456264775413711
2136242694,0.004728132387706856
1400/09/06,0.002364066193853428
ูพุงุงู,0.016548463356973995
ุงุณุช.,0.02127659574468085
ุชูุฏุฏ,0.009456264775413711
ุณุฑูุณ,0.016548463356973995
ุขุฏุฑุณ,0.014184397163120567
adsl.tci.ir,0.002364066193853428
ูุฑุงุฌุนู,0.03546099290780142
ูุฑูุฏุจู,0.002364066193853428
ูพูู,0.004728132387706856
ฺฉุงุฑุจุฑ,0.004728132387706856
ฺฏุฒูู,0.004728132387706856
ุดุงุฑฺุณุฑุน,0.002364066193853428
ููุงุฆุฏ.,0.002364066193853428
ฺฉููู,0.002364066193853428
ุนุจูุฑ,0.004728132387706856
ฺฉุงุฑุจุฑ:,0.002364066193853428
#4*2*2020*,0.002364066193853428
ูุฎุงุจุฑุงุช,0.004728132387706856
ุงุฑุงู,0.01182033096926714
Code:,0.004728132387706856
159740,0.002364066193853428
!,0.016548463356973995
ุชูุงุณ,0.0070921985815602835
ุขููุฏู,0.002364066193853428
ฺุดูุ,0.002364066193853428
ุจู,0.004728132387706856
ุฏูุงู,0.002364066193853428
ุจูพุฑูุฒุฏ.,0.002364066193853428
ุงุจุชุฏุง,0.004728132387706856
16,0.004728132387706856
ฺฏฺฏ,0.014184397163120567
ุงูู,0.004728132387706856
ุฐุฑูโุจู,0.0070921985815602835
ูุดุชุฑฺฉู,0.002364066193853428
ุชุฎุตุต,0.002364066193853428
ุณููู,0.002364066193853428
1400,0.004728132387706856
ุจุงู,0.002364066193853428
ูุงูุฏู,0.0070921985815602835
ุงุณุชุ,0.002364066193853428
ูุงูู(ูุฑ,0.004728132387706856
ฺฏฺฏ),0.002364066193853428
1400/9/3,0.002364066193853428
Link,0.002364066193853428
ูุนุงูโุณุงุฒ,0.004728132387706856
app.zarebin.ir/zj1utcb,0.002364066193853428
ูพุฎุด,0.01182033096926714
ุฒูุฏู,0.01182033096926714
ููุชุจุงู,0.002364066193853428
ูุจฺฏุฑุฏ,0.004728132387706856
ุฐุฑูโุจู:,0.002364066193853428
ุงุณุชููุงู,0.004728132387706856
-,0.030732860520094562
ฺฏูโฺฏูุฑ,0.002364066193853428
ุณุฑุฌุงู,0.002364066193853428
16:00,0.002364066193853428
ูพุฑุณูพููุณ,0.004728132387706856
ููุช,0.002364066193853428
ุขุจุงุฏุงู,0.002364066193853428
18:00,0.002364066193853428
ุฐุฑูโุจูุ,0.002364066193853428
ุชุฌุฑุจู,0.002364066193853428
ูุชูุงูุช,0.002364066193853428
ูุจฺฏุฑุฏ,0.002364066193853428
ุจุฑูุฏู,0.009456264775413711
ฑณ,0.004728132387706856
ุดูุฏโฆ,0.002364066193853428
ุงููุงูู,0.002364066193853428
ูุนุงูุณุงุฒ,0.02364066193853428
ููุงุฏุงุฑ,0.002364066193853428
ูุฑุนูโฺฉุด,0.0070921985815602835
ุฏุณุชฺฏุงู,0.016548463356973995
ููุงุฏ.,0.028368794326241134
https://click.adtrace.io/0zge2gf,0.002364066193853428
ูุงุฒ,0.0070921985815602835
ุถุงูู,0.002364066193853428
ูุณุท,0.002364066193853428
dgpy.ir/rs,0.002364066193853428
ถ,0.009456264775413711
ูุฑู!!,0.002364066193853428
ุฌุดููุงุฑู,0.0070921985815602835
ูพุฑ,0.0070921985815602835
ุณุงฺฉุช,0.002364066193853428
ุจุจูุฏ.,0.002364066193853428
ยซุงุชุงูฺฉยปุ,0.002364066193853428
ุงุฌุงุฑู,0.002364066193853428
ููุง,0.002364066193853428
ูุณูุฆุช!,0.002364066193853428
ุดุฑูุน,0.026004728132387706
ุฒุฑ:,0.0070921985815602835
http://yelloadwise.ir/Ggq4X0M,0.002364066193853428
ูุฑูุฏุดูุงุฑุงุจู,0.002364066193853428
ุชุฌุงุฑุช,0.0070921985815602835
ุขูุฏู,0.002364066193853428
.ุงูุณุชุงฺฏุฑุงู,0.002364066193853428
:https://instagram.com/tejaratbank,0.002364066193853428
ฺฏูพ,0.002364066193853428
:https://gap.im/tejaratbankofficial,0.002364066193853428
๏ปฟุจุณุชูโูุง,0.002364066193853428
ุฏุงุบ,0.01182033096926714
ุดูุง!,0.004728132387706856
ุดูุงุฑูโฺฏุฑ:,0.002364066193853428
*4444*2#,0.004728132387706856
42ฺฏฺฏ,0.002364066193853428
106250ุช,0.002364066193853428
15ฺฏฺฏ,0.002364066193853428
41300ุช,0.002364066193853428
22ฺฏฺฏ,0.002364066193853428
ููุชฺฏ,0.002364066193853428
49900ุช,0.002364066193853428
ุฎูุจู,0.002364066193853428
ฺฏูุด,0.018912529550827423
ิ,0.004728132387706856
ั,0.014184397163120567
882037,0.002364066193853428
ุณูุงูุ,0.016548463356973995
ูุชุงุฌ,0.004728132387706856
ุฌูุณู,0.02127659574468085
ุฏุงูุดฺฏุงู,0.030732860520094562
ุจูู,0.004728132387706856
ุงููู,0.004728132387706856
ููุงุฏ.ุณูพุงุณ,0.004728132387706856
๏ปฟฺฉุฏ,0.002364066193853428
ตฐ%,0.004728132387706856
ุขุฐุฑุ,0.004728132387706856
ุฏุงูุดุฌู:,0.002364066193853428
daneshjoot,0.002364066193853428
mktb.me/gt48,0.002364066193853428
ูฺฉ,0.002364066193853428
โซ๏ธุซุจุช,0.002364066193853428
ุขููุฒุด,0.004728132387706856
PRO,0.002364066193853428
.NET,0.002364066193853428
ecosystem,0.002364066193853428
โซ๏ธุญุฏูุฏ,0.002364066193853428
107,0.002364066193853428
https://yun.ir/e2vbp3โ,0.002364066193853428
ุชุญุตู,0.014184397163120567
"ุขุณุงู""ูฺู",0.002364066193853428
"ุดุงุบูู""",0.002364066193853428
ฺฉุงุฑุฏุงู,0.002364066193853428
ฺฉุงุฑุดูุงุณ,0.004728132387706856
ุญุถูุฑ,0.0070921985815602835
ฺฉูุงุณ**,0.002364066193853428
๏ปฟ๐ฌุชุนุทูุงุช,0.004728132387706856
ุชูุงุดุง,0.016548463356973995
ููู,0.01182033096926714
ุฎุงุทุฑู,0.004728132387706856
ุงูฺฏุฒ,0.004728132387706856
ูุฏู!,0.004728132387706856
ุฏุฑฺุงุฑุฎููู,0.004728132387706856
ูพูุงุณ๐ฟ,0.004728132387706856
yun.ir/2xvr68,0.004728132387706856
*44#,0.004728132387706856
ุงุฑุงูุณู,0.009456264775413711
ูุง๐,0.004728132387706856
ูุดุงุฑฺฉุช,0.002364066193853428
ูพูุณุ,0.002364066193853428
ูููุชุฑู,0.002364066193853428
ูพุงุฏุงุฑ,0.002364066193853428
ุงููุช.,0.002364066193853428
ูุดุฏุงุฑ:,0.004728132387706856
ุญุงู,0.004728132387706856
ุดุฎุต,0.016548463356973995
ุฏุฑฺฏุงู,0.004728132387706856
ุจุงูฺฉ,0.016548463356973995
ุงุฑุฌุงุน,0.004728132387706856
ูโุฏูุฏุ,0.002364066193853428
ูุตุฏ,0.009456264775413711
ฺฉูุงูุจุฑุฏุงุฑ,0.009456264775413711
ุณุฑูุช,0.009456264775413711
ุงุทูุงุนุงุช,0.0425531914893617
ุญุณุงุจ,0.02364066193853428
ุดูุงุณุช.,0.0070921985815602835
ุงุฒ5ุฑูุฒ,0.002364066193853428
ูุงุตูู,0.004728132387706856
ุจุงุฎุฑุฏ,0.002364066193853428
ุงุฒ#1*ุดุงูุณุชู,0.002364066193853428
ุฏุงูุดุฌู,0.002364066193853428
ุนุฒูุฒุ,0.004728132387706856
ุถุฑูุฑู,0.004728132387706856
ูพุงูุงู,0.0070921985815602835
ูููู:,0.004728132387706856
https://portal.saorg.ir/mentalhealth,0.004728132387706856
ุชูููู,0.004728132387706856
ูุงุฑูุงูู,0.004728132387706856
ุฑูุงู,0.0070921985815602835
ููุงููุฏ.,0.01182033096926714
ุชููู:,0.0070921985815602835
02331532025,0.0070921985815602835
02331532539,0.004728132387706856
ุงุฏุงุฑู,0.009456264775413711
ูุญู,0.0070921985815602835
ฺฉุงุฑุจุฑุงู,0.0070921985815602835
ููุงูุฏฺฏุงู,0.002364066193853428
ูุฑูุงูุฏุงุฑ,0.002364066193853428
ุณุงูู,0.002364066193853428
ุงุฌุชูุงุนุงุช,0.002364066193853428
ูุฑูุงูุฏุงุฑ,0.004728132387706856
ุงูุช.,0.002364066193853428
ุทุจู,0.002364066193853428
ุนุตุฑ,0.004728132387706856
ุจุงุดุฏ.,0.016548463356973995
ฺฉูุชู,0.002364066193853428
ููุงูุฑ,0.009456264775413711
ุดูุฑ,0.004728132387706856
ฺฉุชุงุจู๐,0.002364066193853428
9026532601,0.002364066193853428
:,0.04728132387706856
ููุฑุงู,0.004728132387706856
ูุจูุบ,0.014184397163120567
149000,0.002364066193853428
ุฑุงู,0.014184397163120567
#50*1*,0.002364066193853428
ุงูู,0.002364066193853428
ฺฉุงููุชุฑู,0.002364066193853428
#1*,0.002364066193853428
ุดุงุฑฺ,0.02364066193853428
ฺฉุฏ#10*1*,0.002364066193853428
ฺุง,0.01182033096926714
ูุบุฐุง,0.002364066193853428
ูุฒุงุฑุฏ,0.002364066193853428
ููุฎูุงุฏ,0.002364066193853428
ุฑูุชุงุฑูุง,0.002364066193853428
ูุฌุงู,0.002364066193853428
ุดุงุฏ,0.002364066193853428
ฺฏุฐุฑุง,0.002364066193853428
ุฑุงุ,0.002364066193853428
ุฌุงฺฏุฒู,0.002364066193853428
ูพุงุฏุงุฑ,0.002364066193853428
ูุดุงุท,0.002364066193853428
ุจูุงุฑ,0.002364066193853428
ูฺฉูู.,0.002364066193853428
ฯก,0.004728132387706856
ุฏุงูุทูุจ,0.014184397163120567
ุฎุจุฑูุงูู,0.0070921985815602835
ูุฑุฏุงุฏ,0.004728132387706856
ุขุฒููู,0.018912529550827423
ุงุณุชุฎุฏุงู,0.0070921985815602835
ุฎุตูุต,0.0070921985815602835
ููุชุดุฑ,0.009456264775413711
ฺฉุงูู,0.002364066193853428
ุจุงุฒุงุฑ,0.01182033096926714
ุฏุงูููุฏู,0.002364066193853428
ุงุฎุจุงุฑ,0.002364066193853428
ูุทุงูุนู,0.004728132387706856
ูุดุงูุฏู:,0.002364066193853428
https://zaya.io/inre,0.002364066193853428
ฺฏูุดุช,0.002364066193853428
ฺฏูุณููุฏ,0.002364066193853428
83500,0.002364066193853428
ุจุฑูุฌ,0.002364066193853428
ุงุฑุงู,0.002364066193853428
31999,0.002364066193853428
ููุจุฑฺฏุฑ,0.002364066193853428
45%,0.004728132387706856
35%,0.002364066193853428
ุฏููพุง,0.002364066193853428
ูฺฉุชุง,0.002364066193853428
30%,0.004728132387706856
ูุงุน,0.002364066193853428
ุธุฑู,0.002364066193853428
3750,0.002364066193853428
ูพุฑู20%,0.002364066193853428
ูุงูพุฑูุงูู,0.004728132387706856
ุณููุงู,0.02364066193853428
ุงูุฑูุฒููุฑุฏุง,0.004728132387706856
522669,0.002364066193853428
๏ปฟูู,0.002364066193853428
ุงุณููพู,0.002364066193853428
299886,0.002364066193853428
๏ปฟูุณุฎู,0.002364066193853428
ยซุฏุณฺฉุชุงูพยป,0.002364066193853428
-ููุฏูุฒ,0.002364066193853428
ูฺฉ-,0.002364066193853428
ุดุฏ!,0.004728132387706856
ูุณุฎู,0.004728132387706856
ูุงุจูุช,0.002364066193853428
ุตูุช,0.009456264775413711
ูพุงุฏฺฉุณุชุ,0.002364066193853428
ุฑุงุจุท,0.002364066193853428
ุงูฺฉุงูุงุช,0.004728132387706856
ูุชููุน,0.009456264775413711
ฺฉุชุงุจุฎูุงู,0.002364066193853428
ุฏุงุฑุฏ.,0.002364066193853428
https://b2n.ir/r33614,0.002364066193853428
*ุจุฑุง,0.002364066193853428
ูุฑูุฑฺฏุฑ,0.002364066193853428
ุฏุณฺฉุชุงูพ,0.002364066193853428
ูุงู,0.002364066193853428
ูุนุฑู,0.002364066193853428
ฺฉุชุงุจ,0.018912529550827423
ุนูุฑุถุง,0.004728132387706856
ุงุฑูููุฏ,0.004728132387706856
ฺฉูฺฉ,0.018912529550827423
https://yun.ir/w7nh97,0.002364066193853428
60,0.004728132387706856
ุฏููู,0.004728132387706856
ุดุจฺฉู,0.004728132387706856
23ุ,0.002364066193853428
ฺฏุฑู,0.002364066193853428
ุญุฑู,0.002364066193853428
ููุช,0.002364066193853428
2000,0.002364066193853428
ุชููุงู.,0.002364066193853428
*10*336#,0.002364066193853428
๏ปฟูพุดูุงุฒูุง,0.002364066193853428
ุณุงุฒ!,0.002364066193853428
ููุดููุฏ,0.014184397163120567
ูุฏููู,0.002364066193853428
ูพุดูุงุฒ,0.028368794326241134
ููุดููุฏ:,0.002364066193853428
http://biglyt.com/bkjqy,0.002364066193853428
ฺฏุฑ:,0.004728132387706856
*7575#,0.002364066193853428
ุจุดุชุฑ:,0.0070921985815602835
https://b2n.ir/p5478,0.002364066193853428
ุฌุดู,0.002364066193853428
ุฏูโูุง,0.004728132387706856
ทฐูช,0.002364066193853428
ุทุงูฺู,0.002364066193853428
weurl.co/zimMmJ,0.002364066193853428
๏ปฟุฏุงูุดุฌู,0.002364066193853428
ยซุฌุงุจูุฌุงยป,0.002364066193853428
458340,0.002364066193853428
ฺฉุชุงุจุฑุงู,0.004728132387706856
:12458,0.002364066193853428
http://i3l.ir/,0.002364066193853428
ุณูุฑ,0.002364066193853428
ุขุฎุฑูู,0.004728132387706856
ุฌูุงูุฒ,0.009456264775413711
ูุฏุงูุง,0.002364066193853428
ุดููุฏ.,0.002364066193853428
ูพูุดููุงุฏ,0.002364066193853428
26,0.0070921985815602835
ุจุณุชูโูุง,0.014184397163120567
ุงููุชุฑูุช,0.02127659574468085
(ููุฑูุฒู,0.002364066193853428
ุนุตุฑ),0.002364066193853428
500,0.004728132387706856
ูฺฏุงุจุงูุช,0.002364066193853428
100,0.002364066193853428
ฺฏูฺฏุงุจุงูุช,0.002364066193853428
ฺฏูุฑ,0.002364066193853428
*100*64#,0.002364066193853428
ุฌุฐุงุจโุชุฑ,0.002364066193853428
ุญุฌููโุชุฑ,0.002364066193853428
ูุดุชุฑููู,0.002364066193853428
ููุณูู,0.002364066193853428
:156958,0.002364066193853428
ั,0.0070921985815602835
876316,0.002364066193853428
ูุดุชุฑุงู,0.002364066193853428
ููุงุฏุฑูุงู,0.002364066193853428
ูพุงู,0.016548463356973995
ุฏุฑุตุฏ,0.004728132387706856
๐ข5ฺฏฺฏ,0.002364066193853428
ูุถุง,0.002364066193853428
ูุงูู!๐,0.002364066193853428
ยซุงุจุฑุชูยปุูุถุง,0.002364066193853428
ุฐุฎุฑู,0.004728132387706856
ุงุจุฑ,0.002364066193853428
ุจุงุญุฌู,0.002364066193853428
100ู1000,0.002364066193853428
ฺฏฺฏ!๐พ,0.002364066193853428
ุฏุงูููุฏ:,0.002364066193853428
lnk.amaroid.net/s/1FnQXQge,0.002364066193853428
ุงูุชูุงู,0.004728132387706856
585983*8791,0.002364066193853428
3000000,0.002364066193853428
ุฑูุฒ,0.009456264775413711
398447,0.002364066193853428
ูููู,0.002364066193853428
ุฏูุฏ.,0.002364066193853428
ููุชุชูู,0.002364066193853428
ุจุจุฑุฏ!,0.0070921985815602835
code:,0.002364066193853428
12918,0.002364066193853428
ฺฉุชุงุจฺ,0.002364066193853428
ยซุญุฑุงุฌูุนู,0.004728132387706856
ฺุงุฑุฎูููยป,0.004728132387706856
ทฐ%ุชุฎูู,0.004728132387706856
ูููุููุณู,0.004728132387706856
ูฺฉุชุงุจ,0.004728132387706856
ุงุฒ*44#,0.004728132387706856
ุขุฒูุงูุดฺฏุงู,0.002364066193853428
ูพุฑุฏูุณ,0.002364066193853428
25,0.004728132387706856
ุขูุงุฏู,0.016548463356973995
0513770,0.002364066193853428
ัก,0.004728132387706856
ส,0.002364066193853428
ุดุณุช,0.002364066193853428
ุงูุฏุงุฒู,0.002364066193853428
ุซุงูู,0.002364066193853428
ูุณูุช,0.004728132387706856
(ุงูฺฏุดุชุงู,0.002364066193853428
ุงูฺฏุดุช,0.002364066193853428
ุดุตุชุ,0.002364066193853428
ฺฉู,0.002364066193853428
ูฺ,0.002364066193853428
ุฏุณุช).,0.002364066193853428
Ok,0.002364066193853428
ูุงู,0.002364066193853428
ููุณุงูโุนุฒุฒ,0.002364066193853428
ุงุฒโุงูู,0.002364066193853428
ฺฉูุฑูุด,0.009456264775413711
ุจุงุตุฑูู,0.0070921985815602835
ุฎุฑุฏโฺฉู,0.002364066193853428
okcs.ir/8,0.009456264775413711
ุณูพุงุณ,0.0070921985815602835
๏ปฟูููุงุฑ,0.002364066193853428
ุนุฒูุฑ,0.002364066193853428
ุณูุงูุ,0.002364066193853428
ุดูุฑุงู,0.002364066193853428
ูุฑูุฒู,0.002364066193853428
ูุงููู,0.002364066193853428
ูููุงุฑุงู,0.002364066193853428
ูุงูุฏูุฏ,0.002364066193853428
ุดููุฏ,0.002364066193853428
ุชุงุฑูุฎ,0.004728132387706856
ุขุจุงู,0.009456264775413711
ูุงู1400ุ,0.002364066193853428
02331532539ุชูุงุณ,0.002364066193853428
ุจฺฏูุฑูุฏ,0.002364066193853428
ุงููุณุชุงฺฏุฑุงู,0.002364066193853428
ุงูุชุง,0.002364066193853428
ุงุฏุฑุณ,0.002364066193853428
ูพูุงู,0.002364066193853428
ุจูุฑุณุชูุฏ.,0.002364066193853428
@counseling_sem_un,0.002364066193853428
ุฌุงูุ,0.004728132387706856
ูพฺฏุฑ,0.01182033096926714
ูฺฉูู.,0.004728132387706856
ูุงุณู,0.002364066193853428
ุทุงูุฑ,0.002364066193853428
ูุชุนูุฏุ,0.002364066193853428
ูุชุฎุตุตุ,0.002364066193853428
ุฏุบุฏุบู,0.002364066193853428
ุชูุณุนู,0.002364066193853428
ุดูุฑ,0.0070921985815602835
ุงูุชุฎุงุจุงุช,0.002364066193853428
2285,0.002364066193853428
ูุงุฒ,0.002364066193853428
ุฎุฑุฏุขู,0.002364066193853428
ุจูุงุฏ,0.014184397163120567
ูู,0.018912529550827423
ูุฎุจฺฏุงู:,0.004728132387706856
ุชูุงุถุง,0.004728132387706856
ูฺฉุฑุฑุ,0.004728132387706856
ฺฏุดุงุด,0.0070921985815602835
ุงูุฒุง,0.014184397163120567
ูุงูุ,0.004728132387706856
ูุฑุงุด,0.009456264775413711
ุงูุชุฎุงุจูุง,0.004728132387706856
ุงุทูุงุน,0.02364066193853428
ฺฉุงุฑฺฏุงููุง,0.004728132387706856
ุงูุชุฎุงุจ,0.018912529550827423
24,0.0070921985815602835
ููุชู,0.004728132387706856
ุขุฐุฑูุงู,0.0070921985815602835
ูุฑูุงุฏ.,0.016548463356973995
ุฏุงูุดุฌูู,0.0070921985815602835
ฺฏุฑุงููุ,0.002364066193853428
ุขูุงู/ุฎุงูู,0.002364066193853428
ุฑุถุงูู,0.002364066193853428
ุงุนุชุฑุงุถ,0.002364066193853428
ููุฑู,0.002364066193853428
ุฏุฑุณ,0.0070921985815602835
ุณูุณุชู,0.004728132387706856
ููุชุฑู,0.002364066193853428
ุฎุทู,0.002364066193853428
1916116,0.002364066193853428
ูููุณุงู,0.002364066193853428
99-98,0.002364066193853428
ุงุณุชุงุฏ,0.002364066193853428
ุจุฑุฑุณู,0.0070921985815602835
ูุชู,0.009456264775413711
ฺฏุฑุฏูุฏ:,0.002364066193853428
			ุฏุฑูุฏ,0.002364066193853428
ุนุฒูุฒ,0.004728132387706856
ุจุฑุฑุฑุณู,0.002364066193853428
ฺฏุฑุฏูุฏ,0.002364066193853428
ุขูุฏู,0.0070921985815602835
ุณุฑุขูุฏุงู,0.004728132387706856
ุจูุงุฏูู,0.004728132387706856
ูุฎุจฺฏุงู,0.014184397163120567
ุขุบุงุฒ,0.0070921985815602835
๏ปฟุดุฑู,0.002364066193853428
ุฏุงููุงุฑฺฉ,0.002364066193853428
45000,0.002364066193853428
ูพุฑุชูุงู,0.002364066193853428
9500,0.002364066193853428
ููุดุฏู,0.002364066193853428
ุฌู,0.002364066193853428
ุชู,0.004728132387706856
ูุงู,0.002364066193853428
25%,0.002364066193853428
ูพูุฑ,0.002364066193853428
ูู,0.002364066193853428
ฺฉุงูู,0.002364066193853428
20%,0.002364066193853428
ูพูุฏุฑูุงุดู,0.002364066193853428
ูุจุงุณุดู,0.004728132387706856
15%,0.002364066193853428
ูุฏุฑุณุงู,0.002364066193853428
ุดุฑูู,0.002364066193853428
195370001801305270977111,0.002364066193853428
ุชุญูู,0.009456264775413711
ูพุณุช,0.002364066193853428
ุดุฏ.ูพฺฏุฑ:,0.002364066193853428
http://telepost1055.ir/track/778390,0.002364066193853428
(,0.01182033096926714
10)/,0.002364066193853428
/,0.002364066193853428
ฺฉุงููู,0.002364066193853428
ููุฏูุช,0.002364066193853428
ุฏุงูุดุฌูุงู,0.004728132387706856
ุฌุฏุฏุ,0.002364066193853428
ุนุถู,0.002364066193853428
ูพุฐุฑุฏ(ููุฑุงู,0.002364066193853428
ฺฉุงุฑฺฉุฑุฏ,0.002364066193853428
ุฑุฒูู,0.002364066193853428
ูุฑููฺฏ,0.002364066193853428
ุฏุงูุดุฌู),0.002364066193853428
http://t.me/mahdaviat_semuni,0.002364066193853428
ฺฉุงูุงู,0.002364066193853428
ุชูฺฏุฑุงูุ,0.002364066193853428
ุขุฏ,0.002364066193853428
ุงุฑุชุจุงุท,0.002364066193853428
ุฏุจุฑ,0.002364066193853428
ูุฑูุงุฆุฏ.,0.002364066193853428
ููฺฉุงู,0.002364066193853428
ุชุจุฑฺฉ,0.004728132387706856
ูุงุฑุง,0.004728132387706856
ุณุงูุฑูุฒ,0.004728132387706856
ุชููุฏุชุงู,0.004728132387706856
ูพุฐุฑุง,0.004728132387706856
ฺฏุฑุงูู,0.0070921985815602835
ุงุนุชุจุงุฑุ,0.002364066193853428
ูููฺฉ,0.004728132387706856
ฺฏูฺฏ,0.014184397163120567
ูุฏูู,0.002364066193853428
ฺฏูฺฏ),0.002364066193853428
ููฺู,0.002364066193853428
ุฐุฑูโุจูู,0.002364066193853428
ุฎูุงู,0.002364066193853428
ุฏููุงู,0.002364066193853428
ูุจฺฏุฑุฏู,0.002364066193853428
ฺฉููุฏ,0.002364066193853428
ุจฺฏูุฑูุฏ.,0.002364066193853428
ุฑุงูฺฏุงู:,0.002364066193853428
app.zarebin.ir/ti1rwsf,0.002364066193853428
ููุณุณู,0.004728132387706856
ุฎุฑู,0.002364066193853428
ุขุจุดุงุฑ,0.004728132387706856
ุนุงุทูู,0.004728132387706856
ููุณุณู:,0.002364066193853428
5892101201147648,0.002364066193853428
ุงุณู,0.004728132387706856
ุฒุญูุช,0.002364066193853428
ูุจูุบ,0.002364066193853428
ุนฺฉุณ,0.0070921985815602835
ูุด,0.002364066193853428
ูุงุฑุฒ,0.002364066193853428
ุฑูู,0.002364066193853428
ฺฉุงุฑุชุชูู,0.002364066193853428
ุจุฑุงููู,0.002364066193853428
ุจูุฑุณุชู.ููููู,0.002364066193853428
ฯส,0.002364066193853428
๏ปฟุณูุงูุ,0.004728132387706856
ุฏูุชุฑ,0.0070921985815602835
ููุงููฺฏ,0.004728132387706856
ฺฉุฑุฏูุ,0.004728132387706856
ูุชููุฏ,0.009456264775413711
ุชุดุฑู,0.014184397163120567
ุจุงุฑุฏุ,0.004728132387706856
ูุณุชู.,0.004728132387706856
ุณุงุฎุชูุงู,0.004728132387706856
ููุธุฑูฺุงุฏ,0.004728132387706856
ุทุจูู,0.009456264775413711
ุ(ูุฏุฑุช,0.004728132387706856
ุชุฌูุฒุงุช,0.018912529550827423
ูพุฒุดฺฉ),0.004728132387706856
ุงููุ,0.0070921985815602835
ุงุชุงู,0.004728132387706856
ฑฑด,0.004728132387706856
ุฎูุจุ๐,0.002364066193853428
ูุฏููุณุช,0.002364066193853428
#1*ูุชูู,0.002364066193853428
ุจุดุชุฑูุฏู,0.002364066193853428
ูุฏุฑูุฑุนู,0.002364066193853428
ฺฉูุ!,0.002364066193853428
#ฒฐฑ,0.002364066193853428
ยซูพุดูุงุฒยป,0.004728132387706856
ยซุงุฑุงูุณู,0.004728132387706856
ููยปุ,0.004728132387706856
ููพโุชุงูพุ,0.004728132387706856
ุชุฑุงฺฉูุด,0.014184397163120567
=,0.004728132387706856
ุงูุชุงุฒ,0.004728132387706856
ุจุดุชุฑ!,0.004728132387706856
ฺฏุฑุงูู,0.0070921985815602835
ุงูุชูุงุฒ,0.0070921985815602835
ุงุญุชุณุงุจ,0.0070921985815602835
ุถุฑูุจ,0.0070921985815602835
ููุฑุงูู,0.0070921985815602835
ุจุงุดฺฏุงู,0.028368794326241134
ููุฑูุฒู,0.02127659574468085
ุงู,0.02127659574468085
ุงุถุงูู,0.009456264775413711
ุจุฑุงู,0.0070921985815602835
ฺฉุณุจ,0.01182033096926714
ุงูุชูุงุฒุงุช,0.0070921985815602835
ูุดุงูุฏู,0.016548463356973995
ุงูพููฺฉูุดู,0.0070921985815602835
ูพุฑุชุงู,0.0070921985815602835
my.mci.ir,0.0070921985815602835
ูุดุชุฑูุงู,0.0070921985815602835
ุจูุฏุฌูโ,0.002364066193853428
ุจูฺฉ,0.002364066193853428
ูุฑุงุฏ,0.002364066193853428
ฺฉุฑุฏุ๐ฑ,0.002364066193853428
ุฏุฌโูพ,0.002364066193853428
ฺฉู!,0.004728132387706856
ุซุจุชโูุงู,0.002364066193853428
dgpy.ir/bfb,0.002364066193853428
ููููู,0.01182033096926714
ุจุชููู,0.004728132387706856
ุชุฌุงุฑุจุชูู,0.004728132387706856
ฺฉูู.,0.0070921985815602835
ุฏุฑุตูุฑุช,0.0070921985815602835
ุชูุงู,0.002364066193853428
"""ุจุฑุฑุณ",0.002364066193853428
ุงูู,0.002364066193853428
ุฒุง,0.002364066193853428
ุฎุทุฑ,0.002364066193853428
ุฏูุฒ,0.009456264775413711
ุงุฏุขูุฑ,0.004728132387706856
ูุงฺฉุณู,0.016548463356973995
ุฑุงุฒ,0.004728132387706856
"ฺฉูููพุงุฑุณ""",0.002364066193853428
ูุฑูุงุฏ:,0.004728132387706856
http://Covpars2.rvsri.ac.ir,0.002364066193853428
ุดุฑุงุท,0.002364066193853428
ุงุตู,0.009456264775413711
ูุทุงูุนู:,0.002364066193853428
ฑ-,0.002364066193853428
ุงูุฑุงุฏ,0.004728132387706856
ุณูููุงุฑู,0.004728132387706856
ฒ_,0.002364066193853428
ด,0.002364066193853428
ูุง:,0.002364066193853428
ุฑุงุฒุ,0.002364066193853428
ุขุณุชุฑุงุฒูฺฉุงุ,0.002364066193853428
ูพุงุณุชูฺฉูฺฉ,0.002364066193853428
ุงุณูพูุชูฺฉ,0.002364066193853428
ุจุงุดุฏ(,0.002364066193853428
ุงูุฑุงุฏ,0.004728132387706856
ฺฉุฑุฏ).,0.002364066193853428
ูฺฉุงุฑ,0.002364066193853428
ุชุงุฒู!,0.002364066193853428
ฺฏูุงุจ,0.002364066193853428
ุนุฑูุฌุงุช,0.002364066193853428
ยซูุชุฑู,0.002364066193853428
ูุชยปุ,0.002364066193853428
ุตูุนุช,0.002364066193853428
โกูุดุงูุฑู,0.002364066193853428
ุชุฎุตุต,0.0070921985815602835
โกุถูุงูุช,0.002364066193853428
ุจุงุฒฺฏุดุช,0.002364066193853428
ููฺฉ:,0.01182033096926714
http://yelloadwise.ir/PaH7Bdd,0.002364066193853428
ฺฉุณุงูู,0.002364066193853428
ฺฉุชุงุจุฎุงูู,0.004728132387706856
ฺฉุฏุชุฎูู,0.002364066193853428
JWPHMZQN,0.002364066193853428
ููุงุฏ,0.002364066193853428
ุนููู,0.009456264775413711
ฺฉุดูุฑ,0.0070921985815602835
samanpl.ir,0.002364066193853428
ููุงูู,0.002364066193853428
ุฏุงูุดุฌููู,0.0070921985815602835
40011920009,0.002364066193853428
ูููููุช,0.002364066193853428
ุงุชูุงู,0.004728132387706856
ุฑุณูุฏ.,0.002364066193853428
ฺฏูุณุชุงู:,0.002364066193853428
ุดูุงุณู,0.004728132387706856
ูุงุฑุจุฑู:,0.002364066193853428
ฺฏุฐุฑูุงฺู,0.002364066193853428
ูุฏ,0.004728132387706856
ููู,0.002364066193853428
ูพุฐูุฑุด,0.002364066193853428
ูุทุนู,0.002364066193853428
ูููุท,0.002364066193853428
ุชุงุฆูุฏ,0.002364066193853428
ูุฏุงุฑู,0.004728132387706856
ููุงุฒ,0.002364066193853428
ููุฏุฑุฌ,0.004728132387706856
ุงุทูุงุนูู,0.002364066193853428
ุงุญุชุฑุงู.,0.002364066193853428
ุงุณูุงูู,0.002364066193853428
ููุธูุฑ,0.004728132387706856
ุตุฏูุฑ,0.004728132387706856
ฺฏูุงููุงูู,0.002364066193853428
ุขููุฒุดุ,0.002364066193853428
ุฏูุนุงุช,0.002364066193853428
ุฎุงููุงุฏฺฏ,0.002364066193853428
ูุฑุจ,0.004728132387706856
ุงูุฌุงูุจ,0.002364066193853428
ุจูุฑูุงุฏ.,0.002364066193853428
ฺุงุฑุฎููู๐,0.002364066193853428
๐ฌุฏูุจูู,0.002364066193853428
ูพุฑุทุฑูุฏุงุฑยซุฎุงููุงุฏู,0.002364066193853428
ุขุฏุงูุฒ,0.002364066193853428
2ยป,0.002364066193853428
ุฑุณุฏ๐ฟ,0.002364066193853428
yun.ir/udl5f1,0.002364066193853428
ุงุฑุงูุณู๐,0.004728132387706856
ุฌุดูธุณุงูฺฏ,0.004728132387706856
ุงูู,0.0070921985815602835
ุฏุนูุชุฏ,0.0070921985815602835
ุฏุฑ:,0.004728132387706856
*100*68#,0.002364066193853428
ส3,0.002364066193853428
),0.009456264775413711
ูโุชูุงูุฏ,0.004728132387706856
ููุฒู,0.004728132387706856
ูุดูุฏ,0.002364066193853428
ุงูุงฺฉู,0.002364066193853428
ุดููุบ,0.002364066193853428
ุชุฑุฏุฏ,0.002364066193853428
ูฺฉูุฏ.,0.002364066193853428
ูุงุณฺฉ,0.0070921985815602835
(ุณู,0.002364066193853428
ูุงู),0.002364066193853428
ูุฒฺฉ,0.002364066193853428
(ฑ/ต,0.002364066193853428
ูุชุฑ),0.002364066193853428
ุดุณุชุดู,0.002364066193853428
(ฒฐ,0.002364066193853428
ุซุงูู),0.002364066193853428
ุฑุนุงุช,0.0070921985815602835
ูุฏุงุ,0.0070921985815602835
ุบูุบุง,0.0070921985815602835
ูพุดูุงุฒูุง!,0.0070921985815602835
ฑฐฐ,0.009456264775413711
ุฑุงู,0.0070921985815602835
ุฏูู:,0.0070921985815602835
ูพุดูุงุฒูุง,0.0070921985815602835
ุนุงุดูุงูู,0.0070921985815602835
ฺฉูุงุณ,0.0070921985815602835
ุดุฑููุฏู,0.0070921985815602835
ฺฉุงุฑ,0.0070921985815602835
ุจูุดุุุ๐ถ,0.002364066193853428
ุฏุงุฑูุ,0.002364066193853428
๐ฌุชูุงุดุง,0.002364066193853428
ยซุชฺฉ,0.002364066193853428
ุชฺฉ...ุจูู!ยป,0.002364066193853428
ุงูุฏุฑู,0.002364066193853428
ฺฏุงุฑููุฏ,0.002364066193853428
ููุณุง,0.002364066193853428
ูุงุฌูุฒ,0.002364066193853428
ูุญุตูู,0.002364066193853428
2021ุ,0.002364066193853428
ุฏุฑยซฺุงุฑุฎููู,0.002364066193853428
ูพูุงุณยป๐ฟ,0.002364066193853428
IMDB:,0.002364066193853428
7.7/10,0.002364066193853428
http://lnk.amaroid.net/s/1FnRJA6p,0.002364066193853428
9379191281ุ,0.004728132387706856
30ุฑูุฒู,0.002364066193853428
10ฺฏฺฏ29500ุช,0.002364066193853428
ููููุช,0.009456264775413711
ูุฒูู,0.01182033096926714
ุงูุฒุงุด:,0.004728132387706856
"321,550",0.002364066193853428
ุฑุงูุ,0.004728132387706856
ุงุฒุทุฑู,0.004728132387706856
ุจุงูฺฉSaman,0.004728132387706856
Pardakhtุ,0.004728132387706856
ุจุงูฺฉ:1063474380,0.002364066193853428
ูพุฑุฏุงุฎุช:888161348735247510.,0.002364066193853428
ุจุฑุฑุณ,0.01182033096926714
ุฌุฒุฆุงุช,0.0070921985815602835
ุฏุฑุงูพูฺฉุดู,0.004728132387706856
ุงุฑุงูุณูโูู,0.004728132387706856
http://i3l.ir/MyirancellData,0.004728132387706856
*555*1*4#,0.004728132387706856
ุชูุฏุฏุ,0.01182033096926714
ุชุฑุบุจุ,0.01182033096926714
ุชุดูู,0.01182033096926714
ูุฑุจุ,0.01182033096926714
ูุฑุงุฑ,0.01182033096926714
ฺฉูุฏฺฉ,0.01182033096926714
ููุฌูุงู,0.01182033096926714
ุฎุงูู,0.01182033096926714
ุชุฑฺฉ,0.01182033096926714
ุดูุฏุ,0.01182033096926714
ูุฌุงุฒุงุช,0.01182033096926714
ููุฑุฑ,0.01182033096926714
ูุงููู,0.01182033096926714
ุงุญุชูุงู,0.004728132387706856
ุจุงุดูุ,0.004728132387706856
ูฺฏุฑุงู,0.004728132387706856
ุงููู,0.004728132387706856
ูุดุฏ,0.0070921985815602835
ูุฑุฌูุฑ,0.004728132387706856
ุงูฺฉ,0.004728132387706856
ูฺฉูู.,0.004728132387706856
8334,0.002364066193853428
ุชุงููุฏ,0.002364066193853428
ุณุงูุงู,0.002364066193853428
srm.semnan.ac.ir,0.002364066193853428
ุฏูููู,0.002364066193853428
๏ปฟูุดุชุฑฺฉ,0.0070921985815602835
ุจุงุณูุงู,0.016548463356973995
ูุตู,0.002364066193853428
ุณุฑุฏ,0.002364066193853428
ูุฒูู,0.002364066193853428
ูุตุฑู,0.01182033096926714
ุจููู,0.002364066193853428
ฺฏุงุฒ,0.0070921985815602835
ุทุจุน,0.002364066193853428
ุฏูุง,0.002364066193853428
ุฑูุงู(18ุชุง21ุฏุฑุฌู,0.002364066193853428
ุณุงูุช,0.002364066193853428
ฺฏุฑุงุฏ)ุฏุฑ,0.002364066193853428
ุฎุตูุต,0.004728132387706856
ูุณุงู,0.002364066193853428
ฺฏุงุฒุณูุฒ,0.002364066193853428
ููุชูุฑุฎุงูู,0.004728132387706856
#ุฏุฑุณุช,0.002364066193853428
ูููุทูุงู,0.002364066193853428
ูุนูุช,0.004728132387706856
ุดููุฏ.,0.002364066193853428
ุฑูุงุจุท,0.004728132387706856
ุงุณุชุงู,0.0070921985815602835
ุจููโุดุฏู,0.002364066193853428
ฺฏุฑุงูุ,0.002364066193853428
ูโุฏุงูุฏ,0.004728132387706856
ฺุงูพ,0.004728132387706856
ุฏูุชุฑฺู,0.002364066193853428
ฺฉุงุบุฐ,0.002364066193853428
ุตูุฏููโูุง,0.002364066193853428
ฺฉุงุฑฺฉูุงู,0.002364066193853428
ุฏููุชุ,0.002364066193853428
ุงุฑุงูุงู,0.002364066193853428
ุงูุดุงุฑ,0.002364066193853428
ุชุฑูุงู,0.002364066193853428
ูุชููู,0.002364066193853428
ูโุดูุฏ.,0.0070921985815602835
ุณุงุฒูุงู,0.01182033096926714
ูููู,0.002364066193853428
3ุฏูุฑู,0.002364066193853428
ุฑฺู,0.002364066193853428
ุณููพุฑุชุฎูู,0.002364066193853428
50ุฏุฑุตุฏ,0.002364066193853428
https://limoo.me/s5,0.002364066193853428
ูุบู:0,0.002364066193853428
ูุงฺฉุณูุ,0.002364066193853428
ููุจ,0.002364066193853428
ุฑู,0.002364066193853428
ุญููู,0.002364066193853428
ูุฑูุณ,0.0070921985815602835
ุญูุธ,0.004728132387706856
๐นูุงู,0.002364066193853428
ูพุฑุณุด,0.002364066193853428
ูพุงุณุฎ,0.002364066193853428
ุณูุงูุงุช,0.002364066193853428
NET.,0.002364066193853428
๐,0.002364066193853428
https://yun.ir/eql267,0.002364066193853428
3887,0.002364066193853428
"1400/11/16,",0.002364066193853428
ูุงู,0.014184397163120567
ููุฒุงูู,0.004728132387706856
Neuronal,0.004728132387706856
dynamic,0.004728132387706856
ุฏุงูุดุฌููุงูู,0.002364066193853428
ูพูุดุฎูุงู,0.004728132387706856
ฺฏูุณุชุงู,0.004728132387706856
ุชูุงุถุงูุดุงู,0.002364066193853428
ุฏุฑูุฑุญูู,0.002364066193853428
ูุงุฑุดูุงุณ,0.002364066193853428
ูุฑูุฒูพุฒุดูู,0.002364066193853428
ูุฑูุฒูุดุงูุฑู,0.002364066193853428
ุจุงูู,0.002364066193853428
09377959177ุชูุงุณ,0.002364066193853428
ููพูฺฏูุฑู,0.002364066193853428
ููุงููุฏ/ุขู,0.002364066193853428
ูุงูุญุฏูุฏ,0.002364066193853428
ุฏุงุฎู(2ุชุง7ุตุจุญ)-800ุช,0.002364066193853428
"8,720",0.002364066193853428
ุจุงูฺฉ:1047890251,0.002364066193853428
ูพุฑุฏุงุฎุช:888650347920704508.,0.002364066193853428
ููุฌูุฏ,0.004728132387706856
ฺฏุฑุฏุฏุฏ,0.004728132387706856
ูุฑุงุญู,0.004728132387706856
ูุบู,0.014184397163120567
ูุฑุฌุน,0.0070921985815602835
ุฏุงูููุฏ,0.014184397163120567
ุงูุฒุงุฑ,0.0070921985815602835
ุฑุณู,0.0070921985815602835
ุฏุงุฏฺฏุณุชุฑ,0.004728132387706856
๏ปฟูฃู%ุชุฎูู,0.002364066193853428
ุทุฑุญ,0.004728132387706856
ุทูุง,0.002364066193853428
ุงุฑุดุฏ-ุฏฺฉุชุฑ-ept-msrt,0.002364066193853428
ูฺฉุงูุช=ุงุฑุณุงููก,0.002364066193853428
ูุงุชุณุงูพ:ููฉูกูขูจูฅูงููกูจ,0.002364066193853428
ุญูุตูู,0.002364066193853428
ุณุฑุฑูุช๐,0.002364066193853428
ุณูุงู,0.002364066193853428
ูุฏูุุุุ,0.002364066193853428
ุดุฏ.ุงุนุชุจุงุฑุดูุง,0.002364066193853428
50001,0.002364066193853428
ุฑูุงู.,0.002364066193853428
*100*621#,0.002364066193853428
*1#,0.002364066193853428
ุฌุณุชู,0.004728132387706856
ุขู,0.009456264775413711
ุฏุงุฑู!,0.004728132387706856
ยซุฌุงุจ,0.004728132387706856
ูฺูยปุูุชูู,0.004728132387706856
ุจุฑุงุด,0.004728132387706856
ุฑููพุฏุง,0.004728132387706856
ุฑุฒููู,0.004728132387706856
ุจูุฑุณุช!,0.004728132387706856
ุงูุฑูุฒุ,0.004728132387706856
ูุนุงูโุณุงุฒ:,0.002364066193853428
http://i3l.ir/g4rFX,0.002364066193853428
ฺฉุฏ:,0.002364066193853428
1.5,0.002364066193853428
4950,0.002364066193853428
5450,0.002364066193853428
2.5,0.002364066193853428
6000,0.002364066193853428
15ุฑูุฒู,0.002364066193853428
56000,0.002364066193853428
60000,0.002364066193853428
ุงุญุชุฑุงูุ,0.004728132387706856
ุจุฏููุณูู,0.004728132387706856
ูโฺฏุฑุฏุฏ,0.004728132387706856
ูุฑุงุณู,0.009456264775413711
ุณุงูฺฏุฑุฏ,0.004728132387706856
ุดูุฏ,0.004728132387706856
ูุฎุฑ,0.004728132387706856
ุฒุงุฏู,0.004728132387706856
ฑดฐฐุ,0.004728132387706856
ุชุงูุงุฑ,0.004728132387706856
ุงูุบุฏุฑ,0.004728132387706856
น_ฑฑ,0.004728132387706856
๏ปฟุดุฑูุน,0.002364066193853428
ุดุฏุ,0.002364066193853428
ุจูุช,0.0070921985815602835
ุขูููฑฒุ,0.002364066193853428
ุชููุฒูู,0.002364066193853428
ตฐ,0.002364066193853428
ุงูฺุ,0.002364066193853428
ุณฺฉู,0.004728132387706856
ุฏูฺุฑุฎู,0.002364066193853428
ุขูพ:,0.004728132387706856
i.asanpardakht.com/hhRKRQ,0.002364066193853428
๏ปฟูพุด,0.004728132387706856
ุจุงุฒู,0.002364066193853428
ต,0.004728132387706856
ููุฏ,0.002364066193853428
i.asanpardakht.com/EidQUU,0.002364066193853428
ูพูุง,0.002364066193853428
ฺฉุฑุฏ!,0.002364066193853428
ุขูพุ,0.002364066193853428
ุงุณููพ,0.009456264775413711
ููุฏ,0.002364066193853428
i.asanpardakht.com/9h74Pl,0.002364066193853428
ุจุฎุฑุ,0.009456264775413711
ูุธุฑุงุช,0.004728132387706856
ุงุตูุงุญ,0.004728132387706856
ุขูฺู,0.004728132387706856
ุงุณุฑุน,0.0070921985815602835
ููุงุฏ.ุจุงุฏุชุดฺฉุฑ,0.004728132387706856
๏ปฟุฑุงฺฏุงู,0.0070921985815602835
ุชูุงุดุง,0.004728132387706856
ฺฉูุฏุ,0.004728132387706856
ดดูููู,0.004728132387706856
ุดูุงุฑูโฺฏุฑ,0.009456264775413711
#44*,0.004728132387706856
ุงุฎุชุชุงูู,0.004728132387706856
ฺฉุงุฑฺฏุฒุงุฑ,0.004728132387706856
ููุฏ,0.004728132387706856
ุฑุถุงุฆุ,0.002364066193853428
ุฏุฑุฎูุงุณุช,0.004728132387706856
ูุจูุบ:,0.002364066193853428
"5,000,000",0.002364066193853428
ุดุจุง:,0.002364066193853428
IR440140040004110023529707,0.002364066193853428
ููุตุฏ:,0.002364066193853428
ส,0.014184397163120567
ำ,0.002364066193853428
ูุนุงููุงุช,0.002364066193853428
ููฺฉ,0.002364066193853428
ุงุณูุงุฏ,0.002364066193853428
ูพูุงู,0.002364066193853428
ุซุจุชูุ,0.002364066193853428
ุขุฎูุฑู,0.002364066193853428
ูุงูฺฉุ,0.002364066193853428
ูุถุนุช,0.0070921985815602835
ุชููู,0.002364066193853428
ููููุน,0.002364066193853428
ุงููุนุงููู,0.002364066193853428
ูุจูุฏู,0.002364066193853428
ูุงูฺฉ,0.002364066193853428
ู...,0.004728132387706856
ุญุงุตู,0.004728132387706856
ูพุดฺฏุฑู,0.002364066193853428
ุจุงุด๐๐๐,0.002364066193853428
I'll,0.004728132387706856
call,0.004728132387706856
you,0.004728132387706856
back.,0.004728132387706856
ุณุฒุฏูู,0.004728132387706856
ูฺฏ,0.004728132387706856
ุงูฺฏูุณ,0.004728132387706856
ููุฒ,0.0070921985815602835
ุงุณูพูุฑุช,0.0070921985815602835
ูพูุงุณ,0.0070921985815602835
ุขุฑุณูุงู,0.004728132387706856
ููฺฉุงุณู,0.004728132387706856
ฑถ:ฐฐ,0.004728132387706856
๏ปฟุงุฑุงูุณู,0.002364066193853428
ุนุฒุฒ๐,0.002364066193853428
PS5,0.004728132387706856
ุจุจุฑ!๐,0.002364066193853428
Call,0.004728132387706856
of,0.004728132387706856
Duty,0.004728132387706856
Candy,0.002364066193853428
Crash,0.002364066193853428
ูฺฉุฑุดู,0.002364066193853428
ยซฺฏูโุงุณุชูุฑ,0.002364066193853428
ุจุงุฒฺฉยป,0.002364066193853428
ููุฌูุฏู!๐ฎ๐ง๐ฎ,0.002364066193853428
ฺฉู๐ช,0.002364066193853428
ุชุบุฑุงุช,0.002364066193853428
ุจุงูฺฉุ,0.002364066193853428
ุฎูุงูุดููุฏ,0.004728132387706856
ุชุงุฑุฎ,0.016548463356973995
1400/03/30,0.002364066193853428
ุฑุณุงู,0.004728132387706856
ุฌ,0.002364066193853428
ุชู,0.002364066193853428
https://ww2.ghbi.ir/mobile-apps,0.002364066193853428
ููุงุฏ,0.002364066193853428
ุณูพู(ููุงูู,0.002364066193853428
ุณุงุจู),0.0070921985815602835
ำ,0.004728132387706856
ูุฑููฺฏ,0.004728132387706856
ููุฑ,0.004728132387706856
ุฑุณุฏ.,0.004728132387706856
ูุดุชุฑู,0.004728132387706856
ฺฏุฑุงููุุขูุงู,0.004728132387706856
ุณูุฏููุฏู,0.004728132387706856
ููุฏุณูุ,0.004728132387706856
ุฒุงุฏุฑูุฒุชุงู,0.004728132387706856
ุจุงุฏ.,0.0070921985815602835
ุณูพู(ุงูุตุงุฑ,0.004728132387706856
989379191281ุ,0.004728132387706856
80%,0.002364066193853428
ุญุฌู,0.0070921985815602835
ฺฏฺฏุงุจุงุช,0.004728132387706856
ุงุฏุ,0.002364066193853428
ุงููุถุง,0.002364066193853428
ฑดฐฐ.ฑฐ.ฐฑ,0.004728132387706856
ฒณ:ตน.,0.002364066193853428
ุจุงุดูุฏ,0.004728132387706856
ุฎูุฏฺฉุงุฑ,0.0070921985815602835
ุฎุฑุฏุงุฑ,0.004728132387706856
ุฏุฑุชุงุฑุฎ,0.002364066193853428
ุงููุถุง,0.002364066193853428
ุฑุณุฏู,0.002364066193853428
ูฺฏุงุจุงุชุ,0.002364066193853428
ุงุฑุงูุณูโโููุ,0.002364066193853428
https://myirancell.irancell.ir/dl?10,0.004728132387706856
ฺฏูุงูู,0.002364066193853428
ููุงููุฏ.ุขููุฒุด,0.002364066193853428
ฺฏุงุฌ,0.002364066193853428
ูุงุฑฺฉุช,0.002364066193853428
ุฏูุชุฑูุง,0.002364066193853428
ุฌุฐุงุจ,0.01182033096926714
ฺฏุงุฌฺฉู,0.002364066193853428
ดฐ,0.002364066193853428
ุจุฑฺฏุ,0.004728132387706856
ธฐ,0.002364066193853428
ุจุฑฺฏ,0.002364066193853428
ูููุช:,0.002364066193853428
ุฎุฑุฏ:,0.002364066193853428
https://zaya.io/iuhaj,0.002364066193853428
ุงุฑุณุงู:,0.002364066193853428
off,0.002364066193853428
ุขุฑูุงู,0.002364066193853428
ูุฏุง,0.002364066193853428
ุชูุฏู,0.002364066193853428
ูโฺฉูุฏ:,0.002364066193853428
ุงูููุงุจ,0.002364066193853428
ุฌูุณ,0.002364066193853428
"""ุญูุงู",0.002364066193853428
"ููููุนู""",0.002364066193853428
ููุถูุน:,0.002364066193853428
ุฎูุงููุฏฺฏ,0.002364066193853428
ุฎุงููโูุง,0.002364066193853428
www.1FILM.ir,0.002364066193853428
ุงุณููพ,0.004728132387706856
ูุธุฑุณูุฌ,0.004728132387706856
ุงุฑ,0.004728132387706856
ุฑุณุงูุฏ,0.004728132387706856
ตฐฐูุฒุงุฑ,0.004728132387706856
๏ปฟุฏูุดูุจู50ูููู,0.002364066193853428
ุชููู,0.002364066193853428
ุจุจุฑ!,0.002364066193853428
ุงูุฑูุฒูุฑ1000,0.002364066193853428
ุชููู1ุดุงูุณ,0.002364066193853428
ูุฑุตุช,0.014184397163120567
ูุญุฏูุฏ!,0.002364066193853428
ููุฌูุฏ,0.002364066193853428
ุงุฑุงูุณูุช,0.002364066193853428
ุขุฎุฑุขุจุงู,0.002364066193853428
ูพูฺุงู,0.002364066193853428
ูุฒุงุฑุชููู,0.002364066193853428
ุจุฑุณูู,0.002364066193853428
ุชุงุดุงูุณ,0.002364066193853428
ฺฉูุณููPS5,0.002364066193853428
ุจุงุด.,0.002364066193853428
ุดุงุฑฺุญุฏุงูู10ูุฒุงุฑุชููู,0.004728132387706856
ูพููุ2,0.002364066193853428
ุจุงุดูุงุฑู,0.002364066193853428
*6*1#,0.004728132387706856
ุฌุงู,0.01182033096926714
ูู,0.004728132387706856
ูุฏุงู,0.004728132387706856
ูพุฒุดฺฉ,0.014184397163120567
ุจูุงุฑุณุชุงู,0.004728132387706856
ูุชููู,0.004728132387706856
ุจุจุฑู.,0.004728132387706856
๏ปฟุจุง,0.002364066193853428
ูุฏุงุช,0.002364066193853428
๏ปฟูพุฎุด,0.002364066193853428
ููุฏูุงุช,0.002364066193853428
ุฌุงู,0.002364066193853428
ุฌูุงู,0.004728132387706856
ฒฐฒฒ,0.002364066193853428
ูุจูุงู,0.002364066193853428
http://i3l.ir/I7mNW,0.002364066193853428
ุจฺฏุฑ!,0.002364066193853428
ดธ,0.002364066193853428
22ch100,0.002364066193853428
ฑฐฐูช,0.004728132387706856
ูุณุช,0.002364066193853428
ฺฉู:,0.002364066193853428
https://b2n.ir/m60177,0.002364066193853428
โฺฉุฏ,0.002364066193853428
ุชุฃุฏ,0.002364066193853428
Google:,0.002364066193853428
G-972728.,0.002364066193853428
ููฺฏู๐,0.002364066193853428
๏ปฟูุจูู,0.002364066193853428
ุฏุฑุงุฑุดุฏ-ุฏฺฉุชุฑ-EPT-MSRTฺฉุงุฑุณุฎุช,0.002364066193853428
ุงฺฏุฑุงูุฑูุฒุดุฑูุน,0.002364066193853428
ุดุฑุญ=ุงุฑุณุงู1,0.002364066193853428
ููโูุทู,0.002364066193853428
ุขุฑุฒู,0.004728132387706856
ุชูุฏุฑุณุช,0.002364066193853428
ุดุงุฏฺฉุงูุ,0.002364066193853428
ุงูุฌ,0.002364066193853428
ุฎุฒ,0.002364066193853428
ฺูุงุฑู,0.002364066193853428
ูุทุน,0.002364066193853428
ูุจุชูุงุงู,0.002364066193853428
ููุงุท,0.002364066193853428
ุงูุฒุงุด,0.002364066193853428
ุฎุงููุงุฏูุ,0.002364066193853428
ุณุฒุฏู,0.002364066193853428
ุจุฏุฑ,0.002364066193853428
ูุฑูุฏุ,0.002364066193853428
ุจุฒูุฏุ,0.002364066193853428
ุฏูุฑููโูุง,0.002364066193853428
ุฎุงููุงุฏฺฏุ,0.002364066193853428
ุนุฑูุณ,0.002364066193853428
ุณูฺฏูุงุฑ,0.002364066193853428
ูโ,0.002364066193853428
ูุญุทโูุง,0.002364066193853428
ุฌูุนุช,0.002364066193853428
ูููุงุฑ,0.002364066193853428
ุดูุฑุงูุง,0.002364066193853428
ุญู,0.002364066193853428
ุงุฎุชูุงูุ,0.002364066193853428
ุฏุงูุฑ,0.002364066193853428
ููุงูุฌ,0.002364066193853428
ฺฏุฑ,0.002364066193853428
ูุดุงู,0.004728132387706856
ูุงู:,0.002364066193853428
www.hrtc.ir,0.002364066193853428
shoradad.eadl.ir,0.002364066193853428
ฑดฐฐ,0.004728132387706856
...22,0.002364066193853428
วป,0.002364066193853428
ุฏุฑุงูุช:,0.002364066193853428
Zaya.io/nl9,0.002364066193853428
ูุฑุญูู,0.002364066193853428
ุงูููู,0.002364066193853428
ุงููุชุฑููููู,0.002364066193853428
ููุงูุต,0.002364066193853428
ุฑุณุงูู,0.004728132387706856
ูพุฑุฏุงุฒุด,0.004728132387706856
16370,0.002364066193853428
ุฑูุน,0.004728132387706856
18090,0.002364066193853428
28,0.002364066193853428
ุฌุงุฑู,0.002364066193853428
ููุงุฆูุฏ.,0.002364066193853428
ูุฏูุฑูุช,0.002364066193853428
ุชุญุตููุงุช,0.004728132387706856
ุชููููู,0.004728132387706856
ุตูุนุชู,0.002364066193853428
ุฎูุงุฌู,0.004728132387706856
ูุตูุฑุงูุฏูู,0.002364066193853428
ุทูุณู,0.002364066193853428
๏ปฟฺฏุฑูุชู,0.002364066193853428
ุจูุงุฑ,0.002364066193853428
ูฺฏุฑ,0.002364066193853428
๏ปฟูุดุฏุงุฑ:,0.0070921985815602835
ุฏุฑุงูุช,0.004728132387706856
ุซูุง,0.004728132387706856
ุงุจูุงุบู,0.004728132387706856
ุงูฺฉุชุฑููฺฉ,0.0070921985815602835
ูุถุง,0.004728132387706856
ุดฺฉุงุช,0.009456264775413711
ุฌุนู,0.0070921985815602835
๏ปฟูพุดููุงุฏ,0.004728132387706856
ุจุงุดุุฒูุนูุ191,0.004728132387706856
ุขุฏู,0.004728132387706856
ุณุงุจูุุจูุฑุงูุ308,0.004728132387706856
ุฏุฑุง,0.004728132387706856
ููุฑูุฺฏุฑุดุงุ306,0.004728132387706856
ฺฏูุงูุุตูุงูพูุฑุ942,0.004728132387706856
ูุนุงูุณุงุฒ:,0.004728132387706856
ุงุญุชุฑุงู,0.009456264775413711
ุงุณุชุญุถุงุฑ,0.0070921985815602835
ุฑุณุงูุฏ,0.0070921985815602835
ูุฏุฑุงู,0.0070921985815602835
ู.ูุ,0.0070921985815602835
ุชุดฺฉู,0.0070921985815602835
ฺฏุฑุฏุฏ.,0.0070921985815602835
ุดุฏ.ุจุงุชุดฺฉุฑ,0.0070921985815602835
ููุชุดู,0.0070921985815602835
ุฏุณุชุช,0.009456264775413711
ุจฺฏุฑ!,0.0070921985815602835
ฺฉุงูู,0.014184397163120567
ุงุฑุงูุณูุ,0.0070921985815602835
ุงูพ,0.0070921985815602835
ุจุฎุฑ,0.0070921985815602835
ุดุงูุณุช,0.0070921985815602835
13,0.0070921985815602835
ุงูุชุญุงู,0.0070921985815602835
ฺฉู!,0.009456264775413711
ููโููู,0.002364066193853428
ุนุฒุฒูุงูุ,0.002364066193853428
ูุฌุงูู,0.002364066193853428
ุขฺฏุงู,0.0070921985815602835
ุจุฎุดโูุงโ,0.002364066193853428
ุฌูุนุ,0.002364066193853428
ุงูุชุฎุงุจุงุช,0.004728132387706856
ฺฏุฑูุชูโุณุช.,0.002364066193853428
ฺฉูุงุฑุชุงู,0.004728132387706856
ูุณุชูุ,0.002364066193853428
ูุฑุตุชู,0.002364066193853428
ุฏุฏูุ,0.002364066193853428
ุงูุฏุดุฏู,0.002364066193853428
ฺฉุฑุฏูุ,0.002364066193853428
ูุดูุฏ,0.002364066193853428
ุจูุงูู.,0.002364066193853428
ุจุณุชูโ,0.002364066193853428
ูุฏูโ,0.002364066193853428
ฺฏฺฏุงุจุงุช,0.004728132387706856
ุดูุฑ,0.002364066193853428
ูโูุงูู...,0.002364066193853428
ุงุฑุชุจุงุทุงุช,0.004728132387706856
ุดูุฑููุฏ,0.004728132387706856
ูุชููุฏ,0.002364066193853428
ฑณดต,0.002364066193853428
ูุฒุฏฺฉุชุฑู,0.002364066193853428
ูุฑฺฉุฒ,0.002364066193853428
ูุงฺฉุณูุงุณูู,0.002364066193853428
ุณฺฉููุช,0.002364066193853428
ุชููู,0.009456264775413711
ฑนฑ,0.002364066193853428
ูุดูุฏ,0.002364066193853428
"""",0.0070921985815602835
+,0.004728132387706856
3928,0.002364066193853428
"1400/07/18,",0.002364066193853428
ูุดููุงุช,0.002364066193853428
ููู,0.002364066193853428
ุฑุฎ,0.002364066193853428
ูุถุงู,0.002364066193853428
ุฐุฎูุฑู,0.002364066193853428
ุณุงูุงูุฉ,0.002364066193853428
ุจุฏูููุณููู,0.002364066193853428
ุงุณุงุชูุฏ,0.002364066193853428
ุฏุงูุดุฌููุงู,0.002364066193853428
ุฑุณุงูุฏ:,0.002364066193853428
ูพูฺฏูุฑู,0.002364066193853428
ูููุงุฑุงู,0.002364066193853428
ููุงูุฑู,0.002364066193853428
ุงููุงู,0.004728132387706856
ุชุดููู,0.002364066193853428
ููุงุณ,0.002364066193853428
ุฏุฑุณู,0.002364066193853428
ููุฑุฎ,0.002364066193853428
1400/08/10),0.002364066193853428
ููุณุฑ,0.002364066193853428
ููุณุช.,0.002364066193853428
ุตุจุฑ,0.002364066193853428
ุดููุจุงูู,0.002364066193853428
ุตูููุงูู,0.002364066193853428
ุณูพุงุณฺฏุฒุงุฑูู.,0.002364066193853428
ุงููุฒุดู,0.002364066193853428
ุจุงุบ,0.004728132387706856
ฺฏูุงูุดูุงุณ,0.002364066193853428
ุงูุฑุงู,0.002364066193853428
ุจุงุฒุฏูุฏ,0.002364066193853428
ูพุงููุฒ,0.002364066193853428
ุฑูฺฏุงุฑูฺฏ,0.002364066193853428
ุดูููุงู,0.002364066193853428
ฺฏููุง,0.002364066193853428
ุฏุงููุฏ,0.002364066193853428
ููุงูุฏ.,0.002364066193853428
ุงุชูุจุงู,0.002364066193853428
ุชูุฑุงู-ูุฑุฌุ,0.002364066193853428
ุฎุฑูุฌ,0.002364066193853428
ูพููุงูุดูุฑุ,0.002364066193853428
ุดูุฑฺฉ,0.002364066193853428
ุณุฑู,0.002364066193853428
ุขุฒุงุฏุ,0.002364066193853428
ุดููุฏ,0.002364066193853428
ฺฏูุฏุฑุฒุ,0.002364066193853428
ูุดุชู,0.002364066193853428
ุบุฑุจ,0.002364066193853428
44787595,0.002364066193853428
44787297โ021,0.002364066193853428
ุฎุฑูุฏ,0.002364066193853428
ุจููุท,0.002364066193853428
ุงููุชุฑูุช,0.002364066193853428
https://nbgi.rifr-ac.ir,0.002364066193853428
ุฏูุง,0.004728132387706856
ููุด,0.004728132387706856
ูุตููุน,0.004728132387706856
ูุฏู,0.004728132387706856
ุจฺฏุฐุงุฑุฏ!,0.004728132387706856
ุงุฏฺฏุฑ,0.004728132387706856
ุนูู,0.004728132387706856
ุฑูฺฉุฑุฏ,0.004728132387706856
ุจูุง,0.004728132387706856
6130,0.002364066193853428
ุงุฒู,0.002364066193853428
ูุฒุช,0.002364066193853428
๏ปฟููุงุดฺฏุงู,0.004728132387706856
ูุจูุ,0.002364066193853428
ููุณุชุฑู,0.002364066193853428
ูุฑุด,0.004728132387706856
ุจุงุญุถูุฑ,0.002364066193853428
ุชููุฏฺฉููุฏฺฏุงู,0.002364066193853428
ูุงุฆู,0.002364066193853428
ฒุงูนุขุฐุฑ,0.002364066193853428
ุจุงูุฑุนู,0.002364066193853428
ุทูุงู,0.002364066193853428
ุฌูุงุฒุงุฑุฒูุฏู,0.002364066193853428
ุงูุณูุงู,0.002364066193853428
ุนููู,0.002364066193853428
ุนูู,0.002364066193853428
ุจู,0.002364066193853428
ููุณู,0.002364066193853428
ุงูุฑุถุง(ุน),0.002364066193853428
ุฒุงุฆุฑ,0.004728132387706856
ุนุฒูุฒุ,0.002364066193853428
ุจุงุฑฺฏุงู,0.002364066193853428
ูุทูุฑ,0.004728132387706856
ุญุถุฑุช,0.004728132387706856
ุฑุถุง(ุน),0.004728132387706856
ุฎูุฑ,0.002364066193853428
ููุฏู,0.002364066193853428
ุนุฑุถ,0.0070921985815602835
ููโูููู.,0.002364066193853428
ุญุฑู,0.009456264775413711
ูุทูุฑุ,0.002364066193853428
ุฏุณุชูุฑุงูุนููโูุงู,0.002364066193853428
ุจูุฏุงุดุชู,0.002364066193853428
ุฑุนุงูุช,0.002364066193853428
ูุงุณู,0.002364066193853428
"""ุนุฏุฏ""",0.002364066193853428
ูุฑุจูุท,0.002364066193853428
ฺฏุฒููู,0.002364066193853428
8800,0.002364066193853428
ุฒูุงุฑุชโูุงูู,0.002364066193853428
ุฒูุงุฑุช,0.002364066193853428
ููุงุจุชู,0.002364066193853428
ุญุฏูุซ,0.002364066193853428
4-,0.002364066193853428
ูุฐูุฑุงุชุ,0.002364066193853428
ูุฏุงูุง,0.002364066193853428
ูุงุฑู,0.004728132387706856
ูุญุฑููุงู,0.002364066193853428
5-,0.002364066193853428
ุงุณฺฉุงู,0.002364066193853428
6-,0.002364066193853428
ุจุฑูุงููโูุงู,0.002364066193853428
ุชุจููุบู,0.002364066193853428
7-,0.002364066193853428
ุดุจฺฉูโูุงู,0.002364066193853428
ุงุฌุชูุงุนู,0.002364066193853428
8-,0.002364066193853428
ูพุงุณุฎฺฏููู,0.002364066193853428
ุณุคุงูุงุช,0.002364066193853428
ุฏููู,0.002364066193853428
9-,0.002364066193853428
ุณุงูุฑ,0.002364066193853428
ุจุดุชุฑโ:,0.002364066193853428
138,0.002364066193853428
ุฑุถูุงูุ,0.002364066193853428
ููุจุงู,0.002364066193853428
ุงูุงู,0.004728132387706856
https://app.razavi.ir,0.002364066193853428
ูููููู,0.004728132387706856
๐ุ,0.004728132387706856
ฺฉู!๐ฑ,0.004728132387706856
ูพุฑุณุฑุนุช,0.004728132387706856
ุงุถุทุฑุงุฑุ,0.004728132387706856
#ธฑต*,0.004728132387706856
ูุธุฑุช,0.004728132387706856
ุจุจุฑ.,0.004728132387706856
926182,0.002364066193853428
ว,0.002364066193853428
ฒณ:ตน,0.002364066193853428
ุจุณุชูุ,0.002364066193853428
ูฺฉ,0.004728132387706856
ุฎุงููุด,0.002364066193853428
ฺฉููุฏ.ุฌุฒุฆุงุช,0.002364066193853428
ุงุฑุงูุณูโ,0.002364066193853428
ุจุจูุฏ:,0.002364066193853428
https://myirancell.irancell.ir/dl?83,0.002364066193853428
1401,0.0070921985815602835
ูุงฺฏุฐุงุฑ,0.002364066193853428
ุฏุณุชุฑุณ,0.002364066193853428
ุฏฺฏุฑุงูุ,0.002364066193853428
ุณูุฏุฌูุงู,0.002364066193853428
ุงุชูุงูุงุช,0.002364066193853428
ูพููุดู,0.002364066193853428
ุงููุงุน,0.002364066193853428
ุฌุฑุงู,0.002364066193853428
ูุชูุฌู,0.002364066193853428
ุตุงุฏุฑุงุช,0.002364066193853428
ุณูุฏ,0.002364066193853428
ุตุงุฏุฑ,0.002364066193853428
ุชูุงููุฏ,0.002364066193853428
ููุงููุฏ:,0.002364066193853428
https://pay.semnan.ac.ir/payments/view_order/vawGAA7e,0.002364066193853428
ูุฑุงุซ,0.009456264775413711
ุงุฌุงุฒู,0.004728132387706856
ูุฑุซู,0.004728132387706856
ููฺฉ,0.004728132387706856
ููุงุฏุ,0.004728132387706856
ูุฑุชฺฉุจ,0.004728132387706856
ููุงูุฏ.,0.004728132387706856
ฺฉูุชุฑู,0.002364066193853428
ูุงุฒ,0.002364066193853428
_ูุงูฺฏ_ุชุฑุฌูู,0.002364066193853428
ุชุดูู,0.002364066193853428
ุงูุชุดุงุฑุงุช,0.002364066193853428
ูุตุฑ,0.002364066193853428
๏ปฟุชููุง,0.002364066193853428
ุจุงูุณุช!,0.002364066193853428
50ูุฒุงุฑุชููู,0.002364066193853428
ุงุจุงูุ,0.002364066193853428
ุดู.,0.002364066193853428
ุจุง2ฺฏฺฏ,0.002364066193853428
ูพูู.,0.002364066193853428
ุฒุฑุฑุง,0.002364066193853428
053383,0.002364066193853428
๏ปฟูุงุจ,0.002364066193853428
ูู,0.002364066193853428
ุขูุฑุงู,0.002364066193853428
ูุงู,0.002364066193853428
ุดุงูพุฑฺฉ,0.002364066193853428
ุชุงุฏ,0.014184397163120567
ุดูุง:,0.002364066193853428
744936,0.002364066193853428
ูุจุงุดุฏ,0.002364066193853428
ุฏุงุฑู,0.002364066193853428
ูุฒุงุญู,0.002364066193853428
ั:,0.002364066193853428
ุฏุงูุดุฌู,0.002364066193853428
ุนุฒุฒุ,0.002364066193853428
ุงูุฏ,0.002364066193853428
ุขูุฏูุ,0.002364066193853428
ูุทู,0.002364066193853428
ุชุฑุบุจ,0.002364066193853428
ุฒุฏูุ,0.002364066193853428
ุฌุงูุนู,0.002364066193853428
ุงูู,0.002364066193853428
*ุณููุงูู,0.002364066193853428
ููู*,0.002364066193853428
โุชุงฺฉุณ,0.002364066193853428
14,0.002364066193853428
723,0.002364066193853428
86,0.002364066193853428
"30,000",0.002364066193853428
ุจุฑุฏุงุดุช,0.002364066193853428
ูุญูุฏุชูู,0.002364066193853428
ูุธุฑู,0.002364066193853428
01FNNCDH0RRYJ0D8EZPBJVXARF,0.002364066193853428
1400/09/08,0.002364066193853428
11:50,0.002364066193853428
ุฑุถุงุฆุ,0.002364066193853428
"240,402",0.002364066193853428
ุจุงุจุช,0.002364066193853428
ุณูุฏ,0.002364066193853428
ุญุงู,0.002364066193853428
ูุฏุฑุช,0.002364066193853428
ุดุฏ:,0.002364066193853428
https://mobile.emofid.com/menu/transactions,0.002364066193853428
ุดูุงุงูุงุฏู,0.002364066193853428
09211954741,0.002364066193853428
ฺฉุฏ350ุชูุงุณ,0.002364066193853428
(),0.002364066193853428
ุงุฏุจุ,0.004728132387706856
ุฎูุจุ,0.004728132387706856
ููุนุฏ,0.004728132387706856
ููุฑุฑุ,0.004728132387706856
ุฎุฏูุชุชูู,0.004728132387706856
.ุจุงุดู,0.002364066193853428
ุฏุฑุฏ,0.004728132387706856
ูฺฉูู,0.002364066193853428
ูุดฺฉู,0.002364066193853428
๏ปฟุดูุง,0.002364066193853428
9899,0.002364066193853428
"1400/10/24,",0.002364066193853428
ุฎุดฺฉ,0.002364066193853428
ูพูุณุชุช,0.002364066193853428
ูพุงุฒ,0.002364066193853428
ูฺฉุฑ,0.002364066193853428
ฺฉุฑุฏุ,0.002364066193853428
ูุนุชุจุฑ,0.002364066193853428
ุฏุฑุฌู,0.002364066193853428
ยซุณููยป,0.002364066193853428
ุณุทุญ,0.002364066193853428
ถฐ,0.002364066193853428
ุจุฎุฑ!,0.002364066193853428
http://yelloadwise.ir/9rajYKl,0.002364066193853428
ุนูุงู,0.002364066193853428
ุจูุงุฑ,0.004728132387706856
COVID19,0.002364066193853428
ุฏุฑุฎูุฏ,0.002364066193853428
ุงุนุถุง,0.002364066193853428
ูุฑุงฺฉุฒ,0.004728132387706856
ุฌุงูุน,0.009456264775413711
ููุชุฎุจ(16ุง24,0.002364066193853428
ุณุงุนุชู),0.002364066193853428
ููุชุฎุจ,0.004728132387706856
4030,0.002364066193853428
:546756887,0.002364066193853428
ุชุญุตูุงุช,0.0070921985815602835
ุชฺฉูู,0.0070921985815602835
ุงุทูุงุนู,0.0070921985815602835
ุงุตูุงุญู,0.002364066193853428
ุณูุฌุดุ,0.002364066193853428
ุจุงุฒุจู,0.002364066193853428
ูุฑูุงุฏ,0.002364066193853428
sanjesh.org,0.002364066193853428
https://b2n.ir/431722,0.002364066193853428
ุดุงุบูุงู,0.002364066193853428
ุชุนุฏู,0.002364066193853428
ุดุฏูุฏุ,0.002364066193853428
ฺฏุฒุงุฑุด,0.0070921985815602835
ุฌุงุจโูฺู,0.002364066193853428
ยซุชุงุซุฑ,0.002364066193853428
ฺฉุงุฑยป,0.002364066193853428
http://yelloadwise.ir/SeMhW6l,0.002364066193853428
:5467856887,0.002364066193853428
สฟ,0.002364066193853428
ุฑุงุงูู,0.002364066193853428
ุงุณูุงูู.,0.002364066193853428
ุฒุญูุงุช,0.002364066193853428
ุจุฑฺฏุฒุงุฑ,0.002364066193853428
ุงูฺฉุชุฑููฺฉ,0.002364066193853428
ุฎุฑุฏุงุฏูุงูุ,0.002364066193853428
ุชูุฏุฑูุงูู,0.002364066193853428
ูููุฏุณ,0.0070921985815602835
ุถุง,0.002364066193853428
ูุฑุฏูุณ,0.002364066193853428
ั,0.002364066193853428
10000,0.002364066193853428
21:53:29,0.002364066193853428
1400/06/02,0.002364066193853428
ุงูุงููุ,0.004728132387706856
ููุฏุ,0.004728132387706856
ูุฑุนูโฺฉุดโูุง,0.004728132387706856
ุงูุงูู,0.004728132387706856
ุดูุฏ.,0.004728132387706856
https://click.adtrace.io/8741s84,0.004728132387706856
ุฌูุงุฒ,0.0070921985815602835
ูุงู:,0.004728132387706856
ูฺฉโุจูฺฉุ,0.004728132387706856
ฑณุ,0.004728132387706856
ุขูพุฏ,0.004728132387706856
โฆ,0.004728132387706856
๏ปฟุฌูุนู,0.002364066193853428
ุขุฒุงุฏ,0.004728132387706856
09158370337,0.002364066193853428
"ูููุช1,257,000",0.002364066193853428
551232945,0.002364066193853428
00/9/8-07:10,0.002364066193853428
ูุทุงุฑ319ุณ6ุฑ22ุต85,0.002364066193853428
ูุฏ48,0.002364066193853428
ุฑูู,0.002364066193853428
ููู,0.002364066193853428
ูุณุงูุฑ,0.004728132387706856
#ุจููุงุชุดู,0.002364066193853428
ุดฺฏูุช,0.002364066193853428
ุงูฺฏุฒ(ุชุจูุชุ,0.002364066193853428
ฺฏูุดุ,0.002364066193853428
ุงุฑุฏููุดูุฏ,0.002364066193853428
+ูุฒุงุฑุงู,0.002364066193853428
ฺฉุด),0.002364066193853428
(ูฺู,0.002364066193853428
ููุฌูุงูุงู,0.002364066193853428
ธฐุชุงธท),0.002364066193853428
p.javanan.org/bn2,0.002364066193853428
ููุจุช,0.0070921985815602835
ูพุฒุดฺฉ,0.004728132387706856
ุชููุณุช,0.004728132387706856
ุจฺฏุฑุ,0.004728132387706856
๏ปฟุงูุดุงูุง,0.002364066193853428
ุณูุงูุช,0.002364066193853428
ุจุฑุณ,0.002364066193853428
ฺฉุชุงุจุงุฑู,0.002364066193853428
ุฑุฎุชู,0.002364066193853428
4657,0.002364066193853428
ุดูุฑุฏุงุฑ,0.002364066193853428
ูุชูุงูุฏ,0.002364066193853428
ูุชูุงุณุจ,0.002364066193853428
#ดดดด*,0.002364066193853428
??,0.004728132387706856
า,0.002364066193853428
๏ปฟุตูุฑุชุงุตุฏุจุช,0.002364066193853428
ฺฉูู-ุงุฑุฒุฏุฌุชุงู-ูุงุฑฺฉุณ-ฺฉุณุจ,0.002364066193853428
ุฏุฑุขูุฏุจู,0.002364066193853428
ุฏูุงุฑ-ฺฉุงูุงู,0.002364066193853428
ุณฺฏูุงู,0.002364066193853428
ุดุฑุญ=6,0.002364066193853428
วป:,0.002364066193853428
721666,0.002364066193853428
8mb,0.002364066193853428
ุงุณุชุงูุฏุงุฑุฏ,0.002364066193853428
ุญุฌู,0.002364066193853428
90,0.002364066193853428
ุงูููู-,0.002364066193853428
ฺฉูุงูู,0.002364066193853428
ุดุฏูุ,0.002364066193853428
/2,0.002364066193853428
ุ02122221000,0.002364066193853428
ูุญูุฏ(ุต):,0.002364066193853428
ุขฺฏุงู,0.002364066193853428
ููุงูุช,0.009456264775413711
ุนููุ,0.002364066193853428
ููุ,0.002364066193853428
ุฎุฏุงู,0.002364066193853428
ุนูุฏ,0.002364066193853428
ูพููุงูู,0.002364066193853428
ูพุฑูุฑุฏฺฏุงุฑู,0.002364066193853428
ูุฑูุงูู,0.002364066193853428
ุจุฑุณุงูู.ุนูุฏ,0.002364066193853428
ุบุฏูุฑ,0.002364066193853428
ููุงู,0.002364066193853428
ุฏูู,0.002364066193853428
ูุฑููุฎุชู,0.002364066193853428
ูุจุงุฑู.,0.002364066193853428
ูุฑููฺฏู,0.002364066193853428
ุขููุฒ,0.004728132387706856
ูุจุงุฑฺฉ,0.004728132387706856
130,0.002364066193853428
ููู,0.002364066193853428
ุดูุฏ:,0.002364066193853428
l.kanoon.ir/13Aban,0.002364066193853428
ุฎุฏุงูฺฏูุฏุงุฑ,0.002364066193853428
3ุฑูุฒุชูุฏุฏ,0.004728132387706856
ูจูฅูชููู,0.004728132387706856
ฺฉุงูุงูุง,0.004728132387706856
ูุณุงุฌ,0.004728132387706856
ุจุฑูุฌุฑุฏ,0.004728132387706856
ุฏููุชุุจุนุฏุงุฒ4ุฑุงู,0.004728132387706856
ููุงุช,0.004728132387706856
ูููุช,0.0070921985815602835
ุขููุง+,0.002364066193853428
250,0.002364066193853428
ูฺฏุงุจุงุช,0.002364066193853428
ุฑุณุฏ.,0.002364066193853428
ูุฏุงุดุชู,0.002364066193853428
ูุนุงูุ,0.002364066193853428
ูุฑุฎ,0.002364066193853428
ุชุนุฑูู,0.002364066193853428
ูุญุงุณุจู,0.002364066193853428
*100*10#,0.002364066193853428
*100*2#,0.002364066193853428
ูู,0.002364066193853428
ุขุฎุฑู,0.002364066193853428
ูุฑุงุฏุฑุณ,0.002364066193853428
ยซุณุงู,0.002364066193853428
ููยปุ,0.002364066193853428
ตฑ,0.002364066193853428
ูุฏูุฏ.,0.002364066193853428
ุชุฎูู:,0.002364066193853428
NY1400,0.002364066193853428
fdrs.ir/sny1400,0.002364066193853428
ุณุฑูุงุ,0.002364066193853428
ุชุนูุฑ,0.002364066193853428
ุดููุงฺุ,0.002364066193853428
ูพฺฉุฌุ,0.002364066193853428
ุขุจฺฏุฑูฺฉู,0.002364066193853428
ุจุณูพุฑ,0.002364066193853428
ยซููู,0.004728132387706856
ุณุฑูุฒยป!,0.002364066193853428
ุณุฑูุฒยปุ,0.002364066193853428
ณฐฐ,0.004728132387706856
ููุฒู:,0.002364066193853428
http://yelloadwise.ir/JNuOVEt,0.002364066193853428
๐ฅุฌูุนู,0.002364066193853428
ูุฑุฒูู,0.002364066193853428
ุฑูุงู๐ฅ,0.002364066193853428
ฺุฑุฎฺฉุฑุฏู,0.002364066193853428
ูุฎููุท1ฺฉ127000,0.002364066193853428
ุดูู,0.004728132387706856
ุจูููููู41500,0.002364066193853428
ุฑุจ,0.002364066193853428
ุงูฺฉุง800ฺฏ31000,0.002364066193853428
ูพุฑู,0.002364066193853428
ุธุฑูุดู17%,0.002364066193853428
ุชุง09/09๐,0.002364066193853428
yun.ir/wyptb7,0.002364066193853428
ฺฏุฑุงูุ,0.004728132387706856
"ดท,ฑฒฐ",0.002364066193853428
ITOLL-I-20210119447221115,0.002364066193853428
itoll.ir,0.002364066193853428
ุขุชูู,0.002364066193853428
ุณูููุช,0.002364066193853428
ูพุฑุฏุงุฎุชุ,0.002364066193853428
ุณุงูุงููโ,0.002364066193853428
ุงุฏุขูุฑ,0.002364066193853428
ุจุฏู,0.002364066193853428
ุชุฎููโูุง,0.002364066193853428
ุจูุฑูโููุฏ,0.002364066193853428
ฺฉุงููโุจุงุฒุงุฑ:,0.002364066193853428
https://r.itoll.ir/bazar,0.002364066193853428
๏ปฟูชทฐ,0.002364066193853428
https://b2n.ir/y93913,0.002364066193853428
ุุจุจุฎุดุฏ,0.004728132387706856
ูุงู,0.004728132387706856
ูุฑุฒุด,0.002364066193853428
ุญุฑููโุง,0.002364066193853428
ุญุฑููโุง!,0.002364066193853428
60%,0.002364066193853428
ฺฉุงูุงูุง,0.002364066193853428
ูุฑุฒุด+10%,0.002364066193853428
ูพุดฺฏุงูุงู+20%,0.002364066193853428
ุขููุงู!,0.002364066193853428
๐,0.004728132387706856
http://yelloadwise.ir/qDZG6U0,0.002364066193853428
ยซุงุฑุงู,0.002364066193853428
ุงุณูพูุฑุชุฑยป,0.002364066193853428
วก,0.004728132387706856
าก,0.002364066193853428
ุจุงุฒูุงุจู,0.002364066193853428
ูุฑุฒุงูฺฏุงู,0.002364066193853428
9663,0.002364066193853428
#ูุฑุตุชโูุง_ุจุฑุงุจุฑ,0.002364066193853428
ูุนูููุช,0.002364066193853428
ุฑูุฏุงุฏ,0.002364066193853428
ยซูุฌุชูุน,0.002364066193853428
ุฑุนุฏยป,0.002364066193853428
ููุฑูุงูุงู,0.002364066193853428
ูพุงุฑุงูููพฺฉ,0.002364066193853428
ฑธ,0.002364066193853428
ฒฑ,0.002364066193853428
ุดูุฏ๐,0.002364066193853428
www.raad-charity.org/live,0.002364066193853428
ููุณุชุฑ,0.002364066193853428
ููุง,0.002364066193853428
ุณูู,0.009456264775413711
5ูุฒุงุฑุชููุงู,0.002364066193853428
ุฑูุฒ:,0.002364066193853428
MRT54845087,0.002364066193853428
l.mrbilit.com/UinaXn,0.002364066193853428
ููุณ,0.002364066193853428
ูพุงุชูู(ุญุถูุฑ,0.002364066193853428
ุขููุงู),0.002364066193853428
ูุฏุช:,0.002364066193853428
https://www.bamdad.co/mag/python-bootcamp,0.002364066193853428
ุจุงูุฏุงุฏ,0.002364066193853428
code,0.004728132387706856
G-565433,0.002364066193853428
:546754,0.002364066193853428
ฑฐูุชูู,0.002364066193853428
ุฎุงุจูู,0.002364066193853428
ุจุงุ,0.002364066193853428
ุจููุงุณุจุช,0.002364066193853428
ุชููุฏ,0.002364066193853428
8ุณุงูฺฏ,0.002364066193853428
ููุฑุฏุง,0.002364066193853428
ูพุฑู67000ุช,0.002364066193853428
ฺฉูฺฉุง10900ุช,0.002364066193853428
ุดูุฑุฒุงุฏ47900ุช,0.002364066193853428
ุชุญูู20900ุช,0.002364066193853428
ุงุณูพุงฺฏุช1.2ุฒุฑ500ฺฏ4990ุช,0.002364066193853428
ุณุงุฑ:,0.002364066193853428
๏ปฟฺุง,0.002364066193853428
ุจุฐุงุฑ,0.002364066193853428
ูุจุงุนู,0.004728132387706856
ูุงูู,0.004728132387706856
ูุฑูููุน,0.004728132387706856
ุจุงุฑุฏ,0.004728132387706856
ุจูฺฏุงู.,0.004728132387706856
ุขูุงูุง,0.002364066193853428
ูพุงููุฒ:,0.002364066193853428
ุขูุง,0.002364066193853428
ุจู8989,0.002364066193853428
17743ูุงู,0.002364066193853428
ุจุงุด(ูพุงูุฒุงุฏ),0.002364066193853428
19401ุฎูุดุญุงู(ุฌุงูุฏ),0.002364066193853428
15185ุฏุฑูุง,0.002364066193853428
ุฏุฑูุง(ุฑุถุงู),0.002364066193853428
19429ุฎูุฏุชู,0.002364066193853428
ุจุฑุณูู(ุฒููุนู),0.002364066193853428
16336ุดุงูุฏ,0.002364066193853428
ุจุงุฑูู(ููุฑูุดโุจูุฏ),0.002364066193853428
18649ุชู,0.002364066193853428
ุขุณููู(ุนุธูู),0.002364066193853428
ูุฒููู,0.002364066193853428
ูุงููุงูู,0.002364066193853428
300,0.002364066193853428
๏ปฟูุฏููุณุช,0.004728132387706856
SMS,0.002364066193853428
ุขููฺฏ,0.0070921985815602835
ูุณุชุ,0.002364066193853428
ยซูพุดูุงุฒ,0.004728132387706856
ุงุฑุงูุณูยป,0.004728132387706856
ูุฏู!,0.002364066193853428
Andriod:http://biglyt.com/5x3yx,0.004728132387706856
IOS:http://biglyt.com/66bay,0.004728132387706856
ููุณุชุฑ,0.002364066193853428
ุงุฒุงูุช,0.002364066193853428
ุขุจุงุฏุชูุฑุงู,0.002364066193853428
ุจุงุฑุฏุฑุดุฑูุงู,0.002364066193853428
ฑทุชุงฒดุดูุฑูุฑ,0.002364066193853428
ุจุงุฑุนุงุช,0.002364066193853428
ูพุฑูุชฺฉู,0.002364066193853428
ุจูุฏุงุดุช,0.002364066193853428
ฺฉูุฑุจูุฏ,0.002364066193853428
ูุฏู,0.002364066193853428
ฺฉูุงุณุช,0.002364066193853428
ฺฉุฏูู,0.002364066193853428
ุงุณุชุงุฏุุ,0.002364066193853428
ธตฐฐ,0.002364066193853428
ฒตูช,0.002364066193853428
(ุชุง,0.002364066193853428
ณตฐฐ,0.002364066193853428
ุชููุงู),0.004728132387706856
ฒ,0.002364066193853428
ุจุดุชุฑุ,0.002364066193853428
ดฐูช,0.002364066193853428
(ูุฑ,0.002364066193853428
ฒตฐฐ,0.002364066193853428
ฺฉุฏุชุฎูู:,0.002364066193853428
NCNCH-8,0.002364066193853428
ฑต,0.002364066193853428
ูุฑุงููุด,0.002364066193853428
ูุดูุฏ.,0.002364066193853428
http://snp.cab/szfz,0.002364066193853428
ฺฉุงู,0.002364066193853428
ูุฏุงุฑุฏ.,0.002364066193853428
ุขูุฒ,0.002364066193853428
ูุจูุฏ.,0.002364066193853428
ุฏุฌโูพ/ุฏุฌโฺฉุงูุง,0.002364066193853428
ุจุฎุฑุฏ,0.002364066193853428
ฺฉูุฏ!,0.002364066193853428
ููโุงฺฉููู,0.002364066193853428
(BNPL),0.002364066193853428
dgpy.ir/bnpl,0.002364066193853428
๏ปฟุจู,0.002364066193853428
ุฑุงุญุช,0.002364066193853428
ุตุงุญุจ,0.002364066193853428
ุดุบู,0.002364066193853428
ุดู!,0.002364066193853428
ยซฺฉุงุฑูุงุชุงูพยปุ,0.002364066193853428
ูพุดููุงุฏ,0.002364066193853428
ูุทูุฆู,0.002364066193853428
ุฏุฑุขูุฏุฒุงโฆ,0.002364066193853428
ูุญุธู,0.002364066193853428
ฺฉู:,0.002364066193853428
http://yelloadwise.ir/dFwSvKN,0.002364066193853428
....,0.002364066193853428
ฺฉุฌุง,0.002364066193853428
ุฑูุงู,0.002364066193853428
ุงุฑุงู๐ฎ๐ท,0.002364066193853428
ุฑุงู,0.002364066193853428
ุจุฑู1ฺฉ121900,0.002364066193853428
ุงุฑุงู1ฺฉ30%,0.002364066193853428
ุฒุฑูุงฺฉุงุฑูู700ฺฏ7740,0.002364066193853428
ูพุฑุณู,0.002364066193853428
ุชุง17%,0.002364066193853428
ุชุฎููุงุช๐๐ป,0.002364066193853428
yun.ir/rm6y0f,0.002364066193853428
ุจูุฑูุงุฏ,0.004728132387706856
ููฺฉุงุฑุงู,0.004728132387706856
ุจุฑุณูุฏ.ุจุงุชุดฺฉุฑ,0.004728132387706856
((ุฎุจุฑ,0.002364066193853428
ุชุงูพ,0.002364066193853428
ูุฑู,0.002364066193853428
ุนุฒุฒ)),0.002364066193853428
ุฌุฐุจ,0.002364066193853428
ูุฏุฑุณ,0.002364066193853428
ูุฑู,0.002364066193853428
ุจุงุ,0.002364066193853428
ุชุฎุตุตุ,0.002364066193853428
ุจุงุดุฑุงุท,0.002364066193853428
ูงู%,0.002364066193853428
ุณูู,0.002364066193853428
ูุฏุฑุณ(ุจูุฏุช,0.002364066193853428
ูุญุฏูุฏ),0.002364066193853428
https://b2n.ir/z74829,0.002364066193853428
ุจุงุดฺฏุงู=off,0.002364066193853428
ูุชูู,0.002364066193853428
ุฏูุฎูุงูุช,0.002364066193853428
ุฏูุฎูุงูุชู,0.002364066193853428
ฺฉูุ,0.002364066193853428
48507724ููุจุงุดุฏ.,0.002364066193853428
ูุฑูุฒ,0.002364066193853428
ูุฌุงุฒู,0.002364066193853428
ุฏุงูุดฺฏุงููุงู,0.002364066193853428
ูุดุฏุงุฑ,0.002364066193853428
ุจูโ,0.002364066193853428
ุจุงุฑฺฏุฐุงุฑ,0.002364066193853428
ุจุงูฺฉโูุง,0.002364066193853428
google,0.002364066193853428
play,0.002364066193853428
ุุจู,0.002364066193853428
ุณูุก,0.002364066193853428
ูุงูุ,0.002364066193853428
ูพูุฑุชุงู,0.002364066193853428
www.bank-maskan.ir,0.002364066193853428
12387,0.002364066193853428
ุณุฑุฏุฑุฏุ,0.002364066193853428
ุชุจ,0.002364066193853428
ูุดฺฉูุงุช,0.002364066193853428
ุชููุณ,0.002364066193853428
ุณุฑููุ,0.002364066193853428
ุขุจุฑุฒุด,0.002364066193853428
ุชูฺฏ,0.002364066193853428
ููุณ,0.002364066193853428
ุนูุงุฆู,0.002364066193853428
ุดุงุน,0.002364066193853428
ุฌุฏุฏ2019,0.002364066193853428
ูุณุชูุฏุ,0.002364066193853428
ฺฉูุฏฺฉุงู,0.002364066193853428
ุณุงูููุฏุงู,0.002364066193853428
ุชููุน,0.002364066193853428
ุงุณุชูุฑุงุบ,0.002364066193853428
ุฏู,0.002364066193853428
ุจุดููุฏ!,0.002364066193853428
ุฑุงู,0.002364066193853428
ุจโูุธุฑ,0.002364066193853428
ุงูฺฉุงุฑ,0.002364066193853428
ููู,0.002364066193853428
ยซูพุงฺฉุณุงุฒ,0.002364066193853428
ุฐููยป,0.002364066193853428
05rc100,0.002364066193853428
ฒด,0.002364066193853428
https://b2n.ir/m67821,0.002364066193853428
ุขูุฏุฏ,0.002364066193853428
"ูุชู""!",0.002364066193853428
ุจุงูุฑ,0.002364066193853428
ุจุฑุฏ,0.002364066193853428
ุณูุงู,0.002364066193853428
ุฎูุดุญุงู,0.002364066193853428
ูพุงุณุฎฺฏู,0.002364066193853428
ุทููุน,0.002364066193853428
ุณูพุฏู,0.002364066193853428
ุณูุงูุชุ,0.002364066193853428
ุฎุฌุณุชู,0.002364066193853428
ห,0.002364066193853428
/(,0.002364066193853428
ุงูุฑุญุณู,0.002364066193853428
ุงุจุงุฏ,0.002364066193853428
ุงุดุชุฑุงฺฉ:,0.002364066193853428
31399408,0.002364066193853428
ุจุฏู/ุจุณุชุงูฺฉุงุฑ,0.002364066193853428
"ูุจู:587,687",0.002364066193853428
ูพุฑุฏุงุฎุช:,0.004728132387706856
"802,000ุฑุงู",0.002364066193853428
ุด.ู:,0.002364066193853428
3139940824310,0.002364066193853428
ุด.ูพ:,0.002364066193853428
80200510,0.002364066193853428
ูุจุถ:ฺฉูุชูุฑุฎุฑุงุจ,0.002364066193853428
ูุนู:1400/09/04,0.002364066193853428
ูุนู:842,0.002364066193853428
ูุตุฑู:ุฎูุด,0.002364066193853428
1400/09/16,0.002364066193853428
ููุดุงูุฏู,0.002364066193853428
ูุจุถ,0.002364066193853428
https://bill.sww.ir:65097/Pay/g4dhH,0.002364066193853428
ุขุจ,0.002364066193853428
ูุงุถูุงุจ,0.002364066193853428
๏ปฟุจุงูฺฉ,0.002364066193853428
ููุช,0.004728132387706856
ุขูุฏูุฏ.,0.002364066193853428
1400/09/10,0.002364066193853428
14:59,0.002364066193853428
508453,0.002364066193853428
ุชุณููุงุช,0.002364066193853428
ุฏุงูุดฺฏุงูุงู,0.002364066193853428
isic.ir/landing,0.002364066193853428
ูุจุณุงุช,0.002364066193853428
ุฑุงฺฉุช,0.002364066193853428
ุฎุงูู,0.002364066193853428
ุงุญุณุงู,0.002364066193853428
ุงูุฏ,0.002364066193853428
ุฑุถุงูุช,0.002364066193853428
ูุงุฑุถุงูุชู,0.002364066193853428
ุจูุฏุงุดุช,0.002364066193853428
ุชูุธูุงุช,0.002364066193853428
ูุฏุฑุตูุฑุช,0.002364066193853428
ุฑูุฒุ,0.002364066193853428
1234,0.002364066193853428
ุฑุงูุงุฑุฏ,0.002364066193853428
ุจุง:,0.002364066193853428
#5*555*,0.002364066193853428
Internet,0.002364066193853428
configurations,0.002364066193853428
for,0.004728132387706856
your,0.002364066193853428
phone,0.002364066193853428
has,0.002364066193853428
been,0.002364066193853428
sent.,0.002364066193853428
Please,0.002364066193853428
save,0.002364066193853428
them,0.002364066193853428
&,0.002364066193853428
if,0.002364066193853428
there,0.002364066193853428
is,0.002364066193853428
need,0.002364066193853428
password,0.002364066193853428
enter,0.002364066193853428
1234.,0.002364066193853428
To,0.002364066193853428
buy,0.002364066193853428
data,0.002364066193853428
"package,",0.002364066193853428
dial,0.002364066193853428
*555*5#,0.002364066193853428
ุฑุงฺฏุงูุ,0.002364066193853428
ุฏุฑุจ,0.002364066193853428
ุจุจู.,0.002364066193853428
app.zarebin.ir/bk4lncs,0.002364066193853428
ุชูุงุจู,0.002364066193853428
ฺฏูโูุญูุฏ,0.002364066193853428
ูุฌุฏ,0.002364066193853428
ุดูุฑุขูุฑุฏ,0.002364066193853428
ูพุงุชุฎุช,0.002364066193853428
16:15,0.002364066193853428
ุชฺฉููู,0.002364066193853428
ูพุฑุณุดูุงูู,0.002364066193853428
ุฑููู,0.002364066193853428
ูููุฏุชุฑ,0.002364066193853428
ูุฑูุงููุฏ.,0.002364066193853428
https://docs.google.com/forms/d/e/1FAIpQLSeFdJcpHt0bkUDNsjPetBDNRtF0283_kLKShlvdvteknoPBGw/viewform?usp=sf_link,0.002364066193853428
318,0.002364066193853428
ุญุฑฺฉุช,0.002364066193853428
1400/07/18,0.002364066193853428
ูุญูู,0.002364066193853428
ูุญุงูุธุช,0.002364066193853428
ุนุฒุฒุงูุชุงู,0.002364066193853428
ุขูุ,0.002364066193853428
((ูุงุณฺฉ)),0.002364066193853428
http://mask.ir,0.002364066193853428
code4368,0.002364066193853428
98775,0.002364066193853428
ุงุฏุขูุฑุ,0.002364066193853428
ุฏุงุฑุฏ.,0.002364066193853428
ุดุงูุชูู,0.002364066193853428
ุฑุณุงููโุง,0.002364066193853428
(MMS,0.002364066193853428
Multimedia,0.002364066193853428
Messaging,0.002364066193853428
Service),0.002364066193853428
ูุชูโูุง,0.004728132387706856
ุทููุงูุ,0.002364066193853428
ููุณู,0.002364066193853428
ูุดุชุฑฺฉุงู,0.002364066193853428
ูพุงู,0.002364066193853428
ฺฉููุจุงุช,0.002364066193853428
ุดุงูู,0.002364066193853428
ุตูุช,0.002364066193853428
ุจุงุดุฏุ,0.002364066193853428
ฺูุฏุฑุณุงููโุง,0.002364066193853428
ูุญุณูุจ,0.002364066193853428
ูุญุฏูุฏ,0.002364066193853428
ฑถฐ,0.002364066193853428
ฺฉุงุฑุงฺฉุชุฑ,0.002364066193853428
ูพุงูฺฉโูุง,0.002364066193853428
ุนุงุฏ,0.002364066193853428
ูุณุชุฏ,0.002364066193853428
ุทููุงู,0.002364066193853428
ูุนุงูุช,0.002364066193853428
ุฏุงูุดุฌู,0.002364066193853428
ุฏุงุฎู,0.002364066193853428
ูุธูู,0.002364066193853428
ูุงุฌุง,0.002364066193853428
ฺฏุฑุฏุฏ.,0.002364066193853428
fileCount,423
