فعالیت,0.8
سینماها,0.4
حالت,0.4
عادی,0.8
بازگشت/,0.2
بلیت‌فروشی,0.2
۱۰۰,0.2
درصد,0.2
ظرفیت,1.0
,3.0
گزارش,0.8
خبرگزاری,0.6
فارس،,0.2
نشست,0.2
مشترک,0.2
رئیس,0.4
سازمان,1.4
سینمایی,1.0
محسن,0.2
فرهادی،,0.2
معاون,0.8
فنی,0.4
سلامت,0.4
محیط,0.4
وزارت,1.2
بهداشت,1.0
امکان,0.2
سالن‌های,1.0
سینما,1.6
فراهم,0.4
شد.,1.2
محمد,0.2
خزاعی,0.4
اشاره,0.2
افزایش,0.4
مشاغل,0.4
صنوف,0.4
مطالبه,0.2
خانواده,0.2
گفت:,0.6
اواخر,0.2
هفته,0.2
جلسه,0.2
محل,0.2
توضیح,0.2
مردم،,0.2
مدیران,0.2
تقاضا,0.2
توجه,0.4
فروکش,0.2
کرونا,1.0
واکسیناسیون,0.2
سراسری,0.2
شرایطی,0.2
محدودیت,0.2
سقف,0.2
۵۰,0.2
درصدی,0.2
بلیت,0.4
فروشی,0.4
برداشته,0.2
شود.,0.8
ادامه,0.2
داد:,0.2
درخواست,0.2
مذاکره،,0.2
نشست‌هایی,0.2
هم،,0.2
نمایندگان,0.4
هماهنگی,0.2
ستاد,0.6
ملی,0.2
مبارزه,0.2
موافقت,0.2
برگردد.,0.2
خاطر,0.2
ساخت:,0.2
تصمیم,0.6
رعایت,0.4
پروتکل,0.4
بهداشتی,0.6
کنند.,0.4
بدیهی,0.4
پروتکل‌های,0.2
سینماداران,0.4
مخاطبان,0.4
بیان,0.2
داشت:,0.2
باعث,0.2
سالن,0.4
رونق,0.2
بازگردد,0.2
ضررهای,0.2
جبران,0.2
لازم,0.2
کسب,0.4
وکارها,0.2
بتوانند,0.2
برگردند,0.2
وزیر,0.2
فرهنگ,0.2
ارشاد,0.2
اسلامی,0.4
اظهار,0.2
قدردانی,0.2
تعامل,0.2
همکاری,0.2
درمان,0.2
مقابله,0.4
تابع,0.2
وقت,0.2
جدیدی,0.2
اتخاذ,0.2
پایبند,0.2
بود.,0.2
رایان,0.8
رینولدز,1.0
مهم‌ترین,0.2
جایزه,0.6
کشورش,0.6
برد/,0.2
تجلیل,0.6
کانادا,0.2
بازیگر,0.4
مهر,0.2
نقل,0.4
آسوشیتدپرس،,0.2
دریافت,0.2
فرماندار,0.6
بخش‌های,0.2
مختلفی,0.2
هنرهای,0.2
نمایشی,0.2
آنهاست.,0.2
مراسم,0.4
اهدای,0.2
جوایز,0.6
مجری,0.2
افتخارهایی,0.2
کرد.,0.2
هیات,0.4
انتخاب,0.4
۲۰۲۱,0.8
بیانیه,0.2
محبوب‌ترین,0.2
شناخته‌شده‌ترین,0.2
بازیگران,0.4
کانادایی,0.2
تاکید,0.2
مجموعه‌ای,0.2
زمینه‌های,0.2
بازیگری,0.2
کمدی‌های,0.2
تلویزیونی,0.2
انیمیشن‌ها,0.2
فیلم‌های,0.4
بلند,0.2
ثابت,0.2
است.,0.6
«دد,0.2
پول»,0.2
۱,0.2
۲,0.4
نمونه‌هایی,0.2
قدرت,0.4
فیلم‌ها,0.2
تحسین,0.2
منتقدها,0.2
شده‌است.,0.2
بنا,0.2
مجله,0.2
فوربز،,0.2
۲۰۲۰,0.4
۷۱٫۵,0.2
دلار,0.2
درآمد،,0.2
دومین,0.2
پردرآمد,0.2
هالیوود,0.2
«هابز,0.2
شاو»,0.2
۲۰۱۹،,0.2
صداپیشگی,0.2
«غارنشین‌ها:,0.2
عصر,0.2
جدید»,0.2
۲۰۲۰،,0.2
فیلم,0.4
«مرد,0.2
آزاد»,0.2
جدیدترین,0.2
هستند.,0.2
انگلیسی,0.2
زبان,0.4
فرانسوی,0.2
داستان،,0.2
ادبیات,0.4
غیرداستانی،,0.2
شعر،,0.2
نمایشنامه،,0.2
جوانان،,0.2
کتاب‌های,0.2
مصور,0.2
ترجمه,0.2
اهدا,0.2
می‌شود.,0.2
شامگاه,0.2
شنبه,0.2
ایرنا,0.2
اداره,0.2
روابط,0.2
عمومی,0.2
الملل,0.2
شهرداری,0.6
تهران،,0.2
نامه,0.4
علیرضا,0.2
زاکانی،,0.2
شهردار,0.2
پایتخت,0.2
خصوص,0.2
آمادگی,0.2
تهران,0.6
میزبانی,0.4
اجلاس,0.4
جهانی,0.6
گردشگری,0.6
تحویل,0.2
رییس,0.2
ملل,0.2
متحد,0.2
مادرید,0.2
میراث,0.2
گردشگری،,0.2
حسن,0.2
قشقاوی,0.2
سفیر,0.2
ایران,0.2
اسپانیا,0.2
(بین‌الملل,0.2
اراضی,0.2
عباس‌آباد),0.2
زوراب,0.2
پلولیکاشویلی,0.2
ایرنا،,0.2
اعضای,0.2
پیشین,0.2
شورای,0.2
شهر,0.2
تاریخ,0.2
۲۲,0.2
۹۹,0.2
بحث,0.2
بررسی,0.2
کلیات,0.2
لایحه,0.4
"""الزام",0.2
دهمین,0.2
"گردشگری""،",0.2
تصویب,0.2
رساندند.,0.2
فارس-,0.2
گروه,0.4
سینما:,0.2
سریال,1.0
کره‌ای,0.2
«عازم,0.2
جهنم»,0.4
بیستم,0.2
نوامبر,0.4
(۲۹,0.2
آبان),0.2
نتفلیکس,0.4
عرضه,0.2
۲۴,0.2
ساعت,0.2
رکورد,0.4
«بازی,0.2
مرکب»,0.2
بشکند,0.2
۹۳,0.2
کشور,0.2
پربیننده‌ترین,0.2
اینترنتی,0.2
تبدیل,0.2
ساخت,0.2
مجموعه,0.4
آوریل,0.2
مراحل,0.2
تولید,0.2
آغاز,0.4
فستیوال,0.4
المللی,0.2
تورنتو,0.2
درسپتامبر,0.2
درآمد,0.2
درام,0.2
کره­ای,0.2
حضور,0.2
پخش,0.2
طول,0.2
جزو,0.2
پربیننده,0.2
مرکب,0.2
تماشای,0.2
شکست,0.2
پرمخاطب‌ترین,0.2
جهان,0.2
شناخته,0.2
«اهل,0.2
سریالی,0.2
ژانر,0.2
فانتزی,0.2
داستان,0.2
دیوهایی,0.2
فرازمینی,0.2
روایت,0.2
مرگ,0.2
انسان‌ها،,0.2
ظاهر,0.2
می‌­شوند,0.2
بسوزانند,0.2
جهنم,0.2
ببرند.,0.2
اتفاقات,0.2
عجیب,0.4
ماورائی,0.2
بی‌نظمی,0.2
هرج,0.2
مرج,0.2
جامعه,0.2
می‌شوند؛,0.2
حقیقت,0.2
ـ,0.4
ریاست,0.2
جئونگ,0.2
جین‌سو,0.2
دایره,0.2
نفوذ,0.2
می‌‌دهد.,0.2
حسین,0.2
علیزاده,0.2
آیین,0.2
نکوداشت,0.2
محمدرضا,0.4
شجریان,0.6
گشایش,0.2
نمایشگاه,0.2
«نغمه,0.2
مانا»,0.2
،,0.2
اظهاراتی,0.2
قلب,0.4
نمی‌گیرد!,0.2
fileCount,5
