بودجه,1.4
1401,0.1
فرض,0.3
ادامه,0.7
تحریم‌ها,0.5
شد/,0.3
کشور,1.8
معطل,0.2
مذاکره,0.1
نمی‌کنیم,0.1
,7.9
گزارش,0.8
خبرگزاری,0.2
فارس,0.1
نقل,0.1
مرکزاطلاع,0.1
رسانی،,0.1
روابط,0.1
عمومی,0.1
الملل,0.1
سازمان,0.8
نشست‌های,0.1
دستگاه‌های,0.4
اجرایی,0.4
ساختار,0.2
آینده،,0.1
نشستی,0.1
حضور,0.4
وزیر,0.7
خارجه,0.4
معاونان,0.1
وزارتخانه,0.2
رییس,0.1
معاونین,0.1
برگزار,0.3
شد.,1.1
سید,0.1
مسعود,0.1
میرکاظمی,0.1
نشست،,0.1
گفت:‌,0.1
آینده,0.4
مبنای,0.1
سند,0.2
آمایش,0.1
تدوین,0.2
ظرفیت‌های,0.3
داخلی,0.3
استان,0.3
سطح,0.1
شهرستان,0.1
تعیین,0.6
سهم,0.2
مناطق,0.4
رشد,0.8
اقتصادی,1.0
است.,3.4
معاون,0.6
رئیس,0.2
جمهور,0.1
اشاره,0.1
اهمیت,0.2
شهرهای,0.2
مرزی،,0.1
گفت:,0.9
اولویت,0.2
دولت,0.8
سیزدهم,0.2
افزایش,1.0
تعاملات,0.1
کشورهای,0.3
همسایه,0.1
منطقه,0.8
برنامه‌های,0.1
مرزی,0.2
توجه,0.6
می‌گیرند.,0.1
بیان,0.6
لایجه,0.1
۱۴۰۱,0.3
است؛‌,0.1
تاکید,0.5
کرد:,1.0
لغو,0.1
استیفای,0.1
حقوق,0.1
ملت,0.1
استقبال,0.1
می‌کنیم،,0.1
سوابق,0.1
غربی,0.1
هشت,0.1
مذاکرات,0.2
نمی‌کنیم؛,0.1
سفره,0.1
نبیند.,0.1
تورم,0.1
کنترل,0.2
فضای,0.1
فراهم,0.1
شود،,0.1
گره‌های,0.1
شد،,0.7
۸,0.1
درصدی,0.8
شده؛,0.1
کرونا,0.4
رکود,0.1
عملکرد,0.3
بینانه,0.1
حسین,0.1
امیرعبداللهیان,0.1
کشورمان,0.1
نشست,0.4
حمایت,0.4
اصلاح,0.1
بودجه،,0.1
100,0.1
مبنا,0.1
سیاست,0.1
همسایگی,0.1
اتفاقات,0.1
افتاده,0.1
است؛,0.1
حوزه,1.0
پیوستن,0.1
ایران,0.9
شانگهای,0.1
اجلاس,0.1
اکو,0.1
شاهد,0.3
امضای,0.2
قرارداد,0.1
مهم,0.1
گازی,0.1
بودیم.,0.1
افزود:,1.1
اقتصاد,0.8
ماموریت‌های,0.1
وزارت,3.1
قالب,0.1
همکاری‌های,0.1
پیمان‌های,0.1
درصدد,0.1
تسهیل,0.3
تجارت,0.5
صادرات,1.1
هستیم.,0.1
برجام,0.1
حسن,0.1
نیت,0.1
جدیت,0.2
نتیجه,0.2
لغوعملی,0.1
باشد.,0.2
ایسنا,0.1
نوشت:سخنگوی,0.1
سرمایه‌گذاری,0.3
گسترده‌تر,0.1
تولید,1.1
بازی‌های,0.2
منبع,0.1
مالیات,0.4
۱۰درصدی,0.1
خارجی،,0.1
قدم,0.1
حمایتی,0.1
بانک,2.1
مرکزی:,0.3
اعتبار,1.1
وام,1.3
ودیعه,2.2
مسکن,2.7
راه:,0.2
قبول,0.6
ثبت,0.5
مرکزی,0.7
اتمام,0.5
بانک‌ها,1.2
خبر,0.4
شهرسازی,0.8
ندارد.,0.1
مهر،,0.2
شهرزاد,0.1
دانشمندی,0.1
مدیر,0.2
اداره,0.3
اعتبارات,0.3
می‌گوید:,0.3
متقاضیان,0.2
تسهیلات,1.5
مسکن،,0.1
وامی,0.1
پرداخت,1.5
۱۳,0.1
تومان,1.7
سامانه,0.2
می‌شود،,0.1
۱۳۰,0.1
ریال،,0.1
سهمیه,0.4
ستاد,0.9
کرونا،,0.2
تعهدی,0.1
سهمیه‌های,0.1
ندارند.,0.1
پُر,0.1
افراد,0.2
صف,0.1
مانده،,0.1
متقاضیانی,0.1
موفق,0.1
اخذ,0.1
۱۲,0.2
تکمیل,0.1
است،,0.9
منجر,0.1
اعطای,0.3
شهرسازی:,0.1
بانک‌ها،,0.2
/,0.1
‬,0.1
۴,0.3
ساختمان,0.3
آخرین,0.1
آمار,0.3
۶۸۵,0.1
دریافت,0.3
کرده‌اند,0.1
۶۴۰,0.1
معرفی,0.4
۱۴۲,0.1
کرده‌اند.,0.2
محمود,0.2
زاده,0.1
ابتدای,0.1
سال،,0.1
مکاتبه‌ای,0.1
ملی,0.6
مقابله,0.3
داشته‌ایم,0.1
تسهیلاتی,0.2
نظر,0.9
گرفته‌اند.,0.1
۱۰,0.4
۴۵,0.1
درصد,0.6
معادل,0.1
بانکی,0.6
شعب,0.3
شعبه‌ای,0.1
نیاز,0.2
تجدید,0.1
مکاتبه,0.1
تأمین,0.4
کنیم،,0.2
نیست.,0.2
متن,0.1
مصوبه,0.1
خصوص,0.2
اواخر,0.2
خرداد,0.1
سقف,0.4
تصویب,0.1
رسانده,0.1
بود.,0.2
منشأ,0.1
سوءتفاهم,0.1
کجاست؟,0.1
محاسباتی,0.1
معاونت,0.1
دارند،,0.1
دستگاه‌ها,0.1
اقتصاد،,0.1
احتمالاً,0.1
سالی,0.1
می‌گذرد,0.1
اند.,0.1
(نیمه,0.1
مهر,0.2
امسال):,0.1
۶.۴,0.1
آماری,0.2
پایان,0.3
نیمه,0.2
ارائه,0.5
بود،,0.2
کنندگان,0.3
می‌گوید،,0.1
دارد.,0.4
مهرماه,0.2
جاری,0.2
مؤسسات,0.2
اعتباری,0.1
دولتی,0.2
خصوصی,0.1
۶,0.1
۴۰۰,0.1
۲۶۷,0.1
۱۶۷,0.1
متقاضی,0.1
۴۷,0.1
۱۲۳,0.1
پرونده,0.1
مبلغ,0.1
یک‌هزار,0.1
۸۰۰,0.2
تشکیل,0.1
سه‌شنبه,0.1
ایرنا,0.1
جهاد,1.0
کشاورزی،,0.5
«سیدجواد,0.1
ساداتی,0.1
نژاد»,0.1
کشاورزی,1.6
مراسم,0.1
تفاهم,0.5
نامه,0.3
جانبه,0.1
اجرای,0.5
طرح‌های,0.3
محروم,0.2
کشور،,0.1
دارایی،,0.2
بنیاد,0.9
برکت,0.7
فرمان,0.3
امام(ره),0.2
کارآفرینی,0.8
امید,0.7
ظرفیتی,0.2
تبصره,0.6
۱۸,0.8
قانون,0.4
۱۴۰۰,0.2
رونق,0.1
اشتغال,0.3
حوزه‌های,0.3
ظرفیت,0.2
تبصره،,0.1
امام,0.1
(ره),0.1
امید،,0.1
نامه‌ای,0.1
امضا,0.4
کردیم.,0.1
اشتغالزایی,0.7
روستایی،,0.1
کسب,0.1
کارهای,0.2
خُرد,0.1
گلخانه‌های,0.1
کوچک,0.1
مقیاس،,0.1
برندسازی,0.1
توسعه,0.5
کشت,0.1
گیاهان,0.1
دارویی،,0.1
پرورش,0.1
شتر,0.1
شیلاتی,0.1
دامپروری,0.1
اقدامات,0.4
تسهیل‌گری,0.2
برکت،,0.2
مالی,1.3
نظارت,0.1
دارایی,0.2
ابراز,0.2
امیدواری,0.2
توافقنامه,0.1
ببینیم،,0.1
تیرماه,0.1
استمرار,0.1
منابع,0.8
«سید,0.1
محمدهادی,0.1
سبحانیان»,0.1
سیاست‌گذاری,0.1
۱۴۰۰،,0.2
منابعی,0.1
متولی,0.1
اصلی,0.2
استقرار,0.1
سیزدهم،,0.1
تلاش,0.2
فعال,0.4
دستگاه,0.1
مختلف،,0.2
ارسال,0.1
مصوب,0.1
تلفیقی,0.1
خلاف,0.2
تخصیص,0.1
ایجاد,0.2
مصرف,0.4
باشیم.,0.2
سبحانیان,0.1
پیشرو,0.1
تصریح,0.3
ماهه,0.1
پروژه,0.3
عملیاتی,0.2
شده،,0.5
هزینه,0.1
تحول,0.1
تسهیلگران,0.1
«محمد,0.1
ترکمانه»,0.1
مدیرعامل,0.7
مراسم،,0.1
اظهار,0.4
تفاهم‌نامه,0.1
۲,0.3
منظور,0.2
طرح,1.0
تحقق,0.3
اقدام,0.2
شبکه,0.5
تسهیل‌گران,0.2
مجریان,0.1
هدفمند,0.1
کرد.,0.4
ترکمانه,0.1
نفری,0.1
۳۱,0.1
۴۰,0.2
مربوط,0.2
۶۰,0.1
رسید.,0.1
عاملیت,0.2
«اصغر,0.1
نورالله,0.1
زاده»,0.1
مجموعه,0.1
عامل,0.5
روستایی,0.1
زنجیره,0.2
تامین,1.1
اعم,0.1
فرآوری،,0.1
حلقه‌های,0.1
پذیرفتیم.,0.1
مقرر,0.1
کند،,0.1
عهده,0.1
گیرد.,0.1
﻿این,0.1
روزها,0.1
ممنوعیت,0.1
واردات,0.1
لوازم,0.1
خانگی,0.1
کره‌ای,0.1
آزاد,0.2
صدایی,0.1
بازار,1.2
خرید,0.1
فروش,0.7
نگرانی,0.2
نارضایتی,0.1
مصرف‌کنندگان,0.1
تجار,0.1
خوشحالی,0.1
تولیدکنندگان,0.1
داشت.,0.1
​رونمایی,0.1
«پتروصاد»,0.4
صادرات‌,0.1
پتروشیمی‌ها,0.2
اخبار,0.1
شرکت‌ها:,0.1
روابط‌عمومی,0.1
ایران،,0.2
دومین,0.1
برگزاری,0.1
هشتمین,0.1
نمایشگاه,0.2
بین‌المللی,0.1
بورس،,0.1
بانک،,0.1
بیمه,0.2
خصوصی‌سازی,0.1
سیزدهمین,0.1
فرصت‌های,0.1
جزیره,0.1
کیش،,0.1
سرمایه,0.6
پروژه‌های,0.2
پیشران,0.1
صنعت,1.2
نفت،,0.2
گاز,0.3
پتروشیمی,1.3
قابلیت‌ها,0.2
تجربیات,0.1
سال‌های,0.8
به‌کارگیری,0.1
ظرفیت‌,0.1
شرکت‌های,1.4
ابزاری,0.1
رونمایی,0.1
حجت‌اله,0.1
صیدی,0.3
تخصصی,0.1
«روش‌های,0.1
مگاپروژه‌ها,0.1
صنعتی,0.1
تمرکز,0.2
ارزش‌آفرین,0.1
پتروشیمی‌ها»,0.1
مدیران,0.5
گروه,0.2
صنایع,0.4
خلیج‌فارس،,0.1
سیاستگذاران,0.1
مسئولان,0.1
اقتصادی،,0.1
تنی,0.1
نمایندگان,0.1
مجلس,0.1
طرحی,0.1
نو,0.1
کاهش,0.2
هزینه‌ها،,0.1
عملیات,0.1
‎گروه,0.1
سپهر,0.2
صادرات،,0.1
سپهر،,0.2
سرمد،,0.1
صرافی,0.1
الکترونیک,0.1
کارگزاری,0.1
توصیف,0.1
مزیت,0.1
رقابتی,0.1
بزرگی,0.1
غفلت,0.1
زیان,0.1
کرده‌ایم,0.2
بپردازیم.,0.1
ماده,0.1
اولیه,0.1
نرخ,0.1
ارزان,0.1
دسترس,0.1
فرآیند,0.1
شرکت,3.3
خلیج‌فارس,0.3
اختصاص,0.3
برنامه‌ریزی,0.2
تن,0.2
۳,0.1
روند,0.5
ویژه،,0.1
رفع,0.2
موانع,0.1
قوانین,0.2
نظارتی,0.1
مناسب,0.2
یادشده،,0.1
نظام,0.1
دلار,0.5
دهد،,0.2
۲۵,0.1
۳۰,0.3
کند.,0.2
پیشی,0.1
هلدینگ,0.1
رقبای,0.2
خارجی,0.3
صنعت،,0.1
ورود,0.1
شرکت‌‌های,0.1
زیرمجموعه,0.1
جعفر,0.1
ربیعی،,0.1
قدردانی,0.1
بانک‌های,0.1
اذعان,0.1
مسئولان،,0.1
زمینه‌ساز,0.1
عبور,0.2
نبودند،,0.1
نمی‌توانستیم,0.1
کنیم.,0.1
انتقاد,0.5
تقبیح,0.1
سوال,0.1
زحمات,0.1
تلاش‌ها,0.1
رسانه‌ها،,0.1
ارز,0.1
مسیر,0.1
حاصل,0.1
حل,0.2
مشکلات,0.3
غافل,0.1
ربیعی,0.1
۵۳,0.1
تأمین‌کنندگان,0.1
تولیدی,0.3
بتوانند,0.1
ارتباطی,0.1
مناسب،,0.1
علمی,0.1
کنند،,0.1
فصل,0.1
ثابت,0.1
شریک,0.1
راهبردی,0.2
همکاری,0.4
تفکر,0.1
برد,0.2
یابد،,0.1
مناسبی,0.1
به‌گفته,0.1
علیرضا,0.1
پیمان‌پاک،,0.1
طول,0.6
سفر,0.1
سوریه,0.2
راستای,0.1
متوسط,0.5
قیمت,0.5
متر,0.1
تهران,0.4
متری,0.3
۳۲,0.2
خبرنگار,0.2
معاملات,0.6
شهر,0.2
آبان,0.7
مذکور,0.1
۳۰۴,0.1
فقره,0.5
معامله,0.1
(مهر,0.1
۱۴۰۰),0.1
۴۷۱,0.1
۳۳.۵,0.1
مشابه,0.1
(آبان,0.1
۱۳۹۹),0.1
۴۶۶,0.1
۶۳.۵,0.1
می‌دهد.,0.1
مترمربع,0.1
واحد,0.1
مسکونی,0.1
۹۰,0.1
برآورد,0.1
۱.۲,0.1
۱۳۹۹,0.1
۱۷.۷,0.1
بیشترین,0.1
۵,0.1
۱۱,0.1
کمترین,0.1
۱۹,0.1
۵۶,0.1
گران‌ترین,0.1
پایتخت,0.2
سالهای,0.2
۷۲,0.1
۷۴۹,0.1
۹۰۰,0.2
ارزان‌ترین,0.1
۱۴,0.2
۵۱۹,0.1
اجاره,0.2
بهای,0.2
گذشته،,0.1
۵۱.۶,0.1
۵۴.۹,0.1
تسنیم:,0.2
آزاد:,0.2
۱۰۰تومان,0.3
لحظه,0.1
طلای,0.1
عیار,0.1
گرم,0.1
۲۹۵,0.1
تومان،,0.1
سکه,0.1
تمام‌بهار,0.1
آزادی,0.1
۹۷۰,0.1
۳۰هزار,0.1
بررسی,0.3
نقاط,0.3
تاریک,0.2
کارنامه,0.3
اپل/,0.2
پذیری,0.6
محصولات,1.3
جاسوسی,0.4
مرور,0.1
اپل,2.8
فعالیتش,0.1
فناوری,0.7
مختلفی,0.1
فرار,0.3
مالیاتی,0.3
جاسوسی،,0.1
کاربران,0.6
متخصصان,0.2
مهر؛,0.1
ارزش,0.1
شرکت‌ها,0.2
برندهای,0.1
جهان,0.3
عرصه,0.2
پیشگامان,0.1
نوآوری,0.1
دره,0.1
سیلیکون,0.2
شناخته,0.2
می‌شود.,0.3
دیگری،,0.1
وقوع,0.2
طیف,0.2
گسترده‌ای,0.1
تخلفات,0.1
رسوایی‌های,0.3
بزرگ،,0.1
رقبایش،,0.1
امری,0.1
ذهن,0.1
همتایان,0.1
تبلیغات,0.1
گوگل,0.2
فیسبوک،,0.1
تولیدکننده,0.1
افزار,0.4
شمار,0.2
می‌رود.,0.2
آمار،,0.2
حجم,0.1
بالایی,0.1
درآمد,0.2
افزاری,0.2
آیفون،,0.1
آیپد,0.1
رایانه‌های,0.3
مک,0.2
دست,0.1
می‌آورد.,0.1
حیث،,0.1
مدل,0.1
تجاری,0.2
متفاوتی,0.1
آمریکا,0.4
فعالیت,0.4
خود،,1.0
خروج,0.1
راهبرد,0.1
اساسی,0.1
رغبت,0.1
تلفن,0.3
همراه,0.4
پخش,0.2
موسیقی،,0.1
اپلیکیشن،,0.1
کتاب‌های,0.1
دیجیتال,0.3
سرویس‌های,0.1
ویدئو,0.1
گسترده,0.2
فعالیت‌های,0.1
سبب,0.3
متعدد,0.3
یان,0.1
رویدادها,0.1
پردازیم.,0.1
رفتار,0.1
ضدرقابتی,0.1
غیراخلاقی,0.1
خاطر,0.2
رفتارهای,0.1
انحصارگرایانه,0.1
قطعات,0.1
رایانه‌ای,0.1
جامعه,0.1
کارشناسان,0.3
مدل‌های,0.2
بوک,0.1
تجهیزات,0.4
الکترونیکی,0.1
اَشکال,0.1
اختصاصی,0.3
غیرقابل,0.2
تعویض,0.2
قطعات،,0.1
امکان,0.2
پشتیبانی,0.1
فنی,0.2
تعمیرات,0.1
جزئی,0.1
برده,0.1
معنا,0.1
مواقع,0.1
مجبور,0.1
تعمیر,0.1
محصول,0.1
معیوب,0.1
نمایندگی‌ها,0.1
فروشگاه‌های,0.1
شرکت،,0.4
مراجعه,0.1
کنند.,0.2
عقیده,0.1
افزار،,0.1
۲۰۱۲,0.1
اپل،,0.4
تعمیرترین,0.1
انواع,0.1
موجود,0.1
هستند.,0.1
قبیل,0.2
انحصارگرانه,0.1
سرویس,0.1
موسیقی,0.1
فروشگاه,0.1
آیتونز,0.2
مشهود,0.1
موسیقی‌های,0.1
خریداری,0.1
مختص,0.1
برند,0.2
محدود,0.1
این،,0.1
مشتریان,0.2
ادوبی,0.1
فلش,0.1
ویس,0.1
اجبار,0.1
جانبی,0.1
پلتفرم,0.1
هایشان,0.1
ساخته‌اند.,0.1
سازنده,0.1
آیفون,0.1
دهه,0.1
۸۰,0.1
میلادی,0.2
روش‌های,0.1
بزرگ‌ترین,0.1
جهان،,0.1
بدل,0.1
تحقیقات,0.4
گرفته،,0.1
فیسبوک,0.1
گوگل،,0.1
سود,0.2
تابعه,0.1
کشورهایی,0.1
ایرلند،,0.1
هلند،,0.1
لوکزامبوگ,0.1
کارائیب,0.1
منتقل,0.1
می‌کند.,0.2
مثال,0.1
۲۰۰۴,0.1
جهانی,0.1
اقماری,0.1
صوری,0.1
ایرلند,0.1
هدایت,0.1
روش،,0.1
۲۰۱۰,0.1
پرداختی,0.2
۱۰۲,0.1
رساندن,0.1
ایالات,0.4
متحده,0.4
نگهداری,0.1
ناکارآمدی,0.1
امنیت,0.7
اطلاعات,0.1
سیستم,0.3
واسطه,0.1
اندروید,0.1
شخصی،,0.1
بدافزارهای,0.1
خطرناک,0.2
عامل‌ها,0.1
دارند؛,0.1
امنیتی,0.5
۲۰۰۳,0.1
حکایت,0.1
سال‌ها,0.1
استراتژی,0.1
بازاریابی،,0.1
تولیداتش,0.1
مثال،,0.1
سپتامبر,0.1
جاری،,0.1
اخباری,0.1
مبنی,0.1
جاسوس,0.1
پگاسوس,0.1
شناسایی,0.2
نقص,0.1
منتشر,0.3
آزمایشگاه,0.1
سایبری,0.1
سیتیزن،,0.1
دریافتند,0.1
اسرائیلی,0.1
پگاسوس،,0.1
نفوذ,0.1
هک,0.1
وصله,0.1
عرضه,0.1
حقیقت,0.1
پذیرفت,0.1
نواقص,0.2
برجسته,0.2
سرعت،,0.1
کشف,0.1
نمی‌شوند.,0.1
تخریب,0.1
محیط,0.5
زیست,0.2
آسیب‌های,0.1
محیطی،,0.1
چالش,0.1
مواجه,0.1
مسئله,0.1
مواد,0.1
شیمیایی,0.1
سمی,0.1
پایدار,0.1
پسماندها,0.1
خلال,0.2
فرایند,0.1
تولید،,0.1
فعالان,0.1
زیست،,0.3
شدیدترین,0.1
انتقادات,0.1
مؤسسه,0.1
صلح,0.1
سبز،,0.1
تاریخ,0.1
۲۱,0.1
آوریل,0.1
۲۰۱۱,0.2
گزارشی,0.1
مراکز,0.1
متعلق,0.1
غول‌های,0.1
فناوری،,0.1
برق,0.1
نهادهای,0.1
آثار,0.1
مخرب,0.1
کردند.,0.2
آژانس,0.4
اسناد,0.2
افشا,0.1
گاردین,0.1
واشنگتن,0.1
پُست,0.1
۲۰۱۳،,0.1
جزو,0.1
امنیتی،,0.1
موسوم,0.1
«پریزم»,0.1
پریزم,0.1
رمز,0.1
۲۰۰۷,0.1
آغاز,0.1
گردآوری,0.1
داده‌های,0.1
ارتباطات,0.1
اینترنتی,0.1
ساکنان,0.1
آمریکایی,0.1
دهنده,0.1
اینترنت,0.1
انتشار,0.1
فشار,0.1
افکار,0.1
عمومی،,0.1
پروژه‌ای,0.1
رسماً,0.1
تأیید,0.1
فاش,0.1
طرح،,0.1
دسترسی,0.1
سرورهای,0.1
اختیار,0.1
بودند.,0.1
ادعا,0.1
نپذیرفتند,0.1
منکر,0.1
شدند.,0.1
وضعیت,0.2
اسفبار,0.1
کارگران,0.4
کارخانه,0.1
چینی,0.2
کارخانه‌های,0.2
برون,0.1
گزارش‌های,0.2
واحدهای,0.1
چین،,0.3
محیطی,0.1
ناامن,0.1
محسوب,0.3
خودکشی,0.1
کارگر,0.1
فاکس,0.1
کان،,0.1
دستورالعمل,0.1
ایمنی,0.1
استانداردسازی,0.1
کارخانه‌ها,0.1
۲۰۱۴،,0.1
استاندارهای,0.1
تداوم,0.3
شرایط,0.2
نامساعد,0.1
کاری،,0.1
داد.,0.1
مورد،,0.1
اضافه,0.1
کاری‌های,0.1
اجباری،,0.1
خوابگاه‌های,0.1
غیراستاندارد,0.1
کاری,0.1
پر,0.1
استرس,0.1
طاقت,0.1
فرسا،,0.1
گوشه‌ای,0.1
ایرادات,0.3
طراحی,0.2
ذکر,0.1
افت,0.1
کیفیت,0.2
نیز،,0.1
موضوعاتی,0.1
تلفن‌های,0.1
هوشمند,0.1
اخیر،,0.1
شکنندگی,0.1
بدنه،,0.1
صفحه,0.1
نمایشگر,0.1
دوربین,0.1
روبه‌رو,0.1
شده‌اند.,0.1
تکاملی,0.1
باور,0.1
ظهور,0.1
جدیدی,0.1
هوآوی,0.1
شیائومی،,0.1
چالشی,0.1
موفقیت,0.1
شود.,0.1
دیگر،,0.1
بدبینی,0.1
شک,0.1
پررنگ,0.1
رایانه‌ای،,0.1
مدون,0.1
کلان,0.1
رقیب,0.1
نوظهور,0.1
بهبود,0.1
جنبه‌های,0.1
نیازمند,0.1
fileCount,10
